1.1,100000,P,,,Термометр,0,0,,,22
1.1,100000,P,,,Термометр,0,0,,,23
1.1,0,P,1,P,Задвижка,40130,-39900,40210,-39900,7
1.1,1,P,2,P,Диафрагма,40210,-39900,40290,-39900,5
1.1,2,P,3,P,Участок теплопровода,40290,-39900,40360,-39900,13
1.1,3,P,4,P,Диафрагма,40360,-39900,40430,-39900,1
1.1,4,P,4,O,Радиаторы системы отопления,40430,-39900,40430,-39790,16
1.1,4,O,3,O,Участок теплопровода,40430,-39790,40360,-39790,14
1.1,3,O,1,O,Диафрагма,40360,-39790,40290,-39790,4
1.1,1,O,0,O,Задвижка,40290,-39790,40130,-39790,8
1.1,0,P,,,Манометр,40130,-39900,,,17
1.1,2,P,,,Манометр,40290,-39900,,,17
1.1,4,P,,,Манометр,40430,-39900,,,17
1.1,3,O,,,Манометр,40360,-39790,,,17
1.1,0,O,,,Манометр,40130,-39790,,,17
1.1,0,P,1,P,Расходомер,40130,-39900,40210,-39900,18
1.1,1,O,0,O,Расходомер,40290,-39790,40130,-39790,18
1.1,0,P,,,Термометр,40130,-39900,,,19
1.1+,0,O,,,Термометр,40130,-39790,,,19
1.2,0,P,1,P,Задвижка,40110,-39920,40180,-39920,7
1.2,1,P,2,P,Диафрагма,40180,-39920,40250,-39920,5
1.2,2,P,3,P,Участок теплопровода,40250,-39920,40320,-39920,13
1.2,6,P,4,P,Диафрагма,40430,-39920,40430,-39840,1
1.2,4,P,4,O,Радиаторы системы отопления,40430,-39840,40430,-39720,16
1.2,3,O,2,O,Участок теплопровода,40320,-39720,40260,-39720,14
1.2,2,O,1,O,Диафрагма,40260,-39720,40180,-39720,4
1.2,1,O,0,O,Задвижка,40180,-39720,40100,-39720,8
1.2,0,P,,,Манометр,40110,-39920,,,17
1.2,2,P,,,Манометр,40250,-39920,,,17
1.2,4,P,,,Манометр,40430,-39840,,,17
1.2,2,O,,,Манометр,40260,-39720,,,17
1.2,0,O,,,Манометр,40100,-39720,,,17
1.2,0,P,1,P,Расходомер,40110,-39920,40180,-39920,18
1.2,1,O,0,O,Расходомер,40180,-39720,40100,-39720,18
1.2,0,P,,,Термометр,40110,-39920,,,19
1.2,0,O,,,Термометр,40100,-39720,,,19
1.2,100000,P,,,Термометр,0,0,,,22
1.2,100000,P,,,Термометр,0,0,,,23
1.2,3,P,6,P,Задвижка,40320,-39920,40430,-39920,27
1.2,4,O,3,O,Участок теплопровода,40430,-39720,40320,-39720,471
1.2,3,P,7,P,Задвижка,40320,-39920,40320,-39870,48
1.2,7,P,5,P,Диафрагма,40320,-39870,40320,-39810,2
1.2,5,P,5,O,Калориферная установка,40320,-39810,40320,-39750,9
1.2,5,O,3,O,Участок теплопровода,40320,-39750,40320,-39720,472
1.2,3,P,6,P,Расходомер,40320,-39920,40430,-39920,18
1.2,3,P,7,P,Расходомер,40320,-39920,40320,-39870,18
1.2,5,P,,,Манометр,40320,-39810,,,17
1.2,5,O,,,Термометр,40320,-39750,,,19
1.2,4,O,,,Термометр,40430,-39720,,,19
1.2,100000,P,,,Термометр,40430,-39720,,,24
1.3,0,P,1,P,Задвижка,40100,-39900,40180,-39900,7
1.3,1,P,2,P,Диафрагма,40180,-39900,40250,-39900,5
1.3,2,P,3,P,Участок теплопровода,40250,-39900,40320,-39900,13
1.3,3,P,4,P,Диафрагма,40320,-39900,40410,-39900,1
1.3,4,P,4,O,Элеватор,40410,-39900,40410,-39740,15
1.3,4,O,3,O,Участок теплопровода,40410,-39740,40320,-39740,14
1.3,3,O,1,O,Диафрагма,40320,-39740,40170,-39740,4
1.3,1,O,0,O,Задвижка,40170,-39740,40090,-39740,8
1.3,0,P,,,Манометр,40100,-39900,,,17
1.3,2,P,,,Манометр,40250,-39900,,,17
1.3,4,P,,,Манометр,40410,-39900,,,17
1.3,3,O,,,Манометр,40320,-39740,,,17
1.3,0,O,,,Манометр,40090,-39740,,,17
1.3,0,P,1,P,Расходомер,40100,-39900,40180,-39900,18
1.3,1,O,0,O,Расходомер,40170,-39740,40090,-39740,18
1.3,100000,P,100000,O,Расходомер,0,0,0,0,25
1.3,0,P,,,Термометр,40100,-39900,,,19
1.3,100000,P,,,Термометр,0,0,,,34
1.3,4,O,,,Термометр,40410,-39740,,,19
1.3,100000,P,,,Термометр,0,0,,,22
1.3,100000,P,,,Термометр,0,0,,,23
1.3,100000,,,,Манометр,,,,,32
1.4,0,P,1,P,Задвижка,40110,-39910,40190,-39910,7
1.4,1,P,2,P,Диафрагма,40190,-39910,40260,-39910,5
1.4,2,P,3,P,Участок теплопровода,40260,-39910,40400,-39910,13
1.4,6,P,4,P,Диафрагма,40400,-39860,40400,-39810,1
1.4,4,P,4,O,Элеватор,40400,-39810,40400,-39730,15
1.4,3,O,2,O,Участок теплопровода,40400,-39680,40270,-39680,14
1.4,2,O,1,O,Диафрагма,40270,-39680,40210,-39680,4
1.4,1,O,0,O,Задвижка,40210,-39680,40110,-39680,8
1.4,0,P,,,Манометр,40110,-39910,,,17
1.4,2,P,,,Манометр,40260,-39910,,,17
1.4,4,P,,,Манометр,40400,-39810,,,17
1.4,2,O,,,Манометр,40270,-39680,,,17
1.4,0,O,,,Манометр,40110,-39680,,,17
1.4,0,P,1,P,Расходомер,40110,-39910,40190,-39910,18
1.4,1,O,0,O,Расходомер,40210,-39680,40110,-39680,18
1.4,0,P,,,Термометр,40110,-39910,,,19
1.4,0,O,,,Термометр,40110,-39680,,,19
1.4,100000,P,,,Термометр,0,0,,,22
1.4,100000,P,,,Термометр,0,0,,,23
1.4,3,P,6,P,Задвижка,40400,-39910,40400,-39860,27
1.4,4,O,3,O,Участок теплопровода,40400,-39730,40400,-39680,473
1.4,3,P,7,P,Задвижка,40400,-39910,40500,-39910,48
1.4,7,P,5,P,Диафрагма,40500,-39910,40500,-39810,2
1.4,5,P,5,O,Калориферная установка,40500,-39810,40500,-39680,9
1.4,5,O,3,O,Участок теплопровода,40500,-39680,40400,-39680,474
1.4,3,P,6,P,Расходомер,40400,-39910,40400,-39860,18
1.4,3,P,7,P,Расходомер,40400,-39910,40500,-39910,18
1.4,5,P,,,Манометр,40500,-39810,,,17
1.4,5,O,,,Термометр,40500,-39680,,,19
1.4,4,O,,,Термометр,40400,-39730,,,19
1.4,100000,P,100000,O,Расходомер,0,0,0,0,25
1.4,100000,,,,Манометр,,,,,32
1.4,100000,P,,,Термометр,0,0,,,34
1.4,100000,P,,,Термометр,40430,-39720,,,24
1.5,100000,,,,Термометр,,,,,35
1.5,0,P,1,P,Задвижка,40160,-39900,40220,-39900,7
1.5,1,P,2,P,Диафрагма,40220,-39900,40270,-39900,5
1.5,2,P,3,P,Участок теплопровода,40270,-39900,40320,-39900,13
1.5,3,P,4,P,Диафрагма,40320,-39900,40380,-39900,1
1.5,4,P,4,O,Теплообменник,40380,-39900,40380,-39820,12
1.5,4,O,3,O,Диафрагма,40380,-39820,40320,-39820,4
1.5,3,O,1,O,Участок теплопровода,40320,-39820,40210,-39820,14
1.5,1,O,0,O,Задвижка,40210,-39820,40160,-39820,8
1.5,0,P,,,Манометр,40160,-39900,,,17
1.5,2,P,,,Манометр,40270,-39900,,,17
1.5,4,P,,,Манометр,40380,-39900,,,17
1.5,4,O,,,Манометр,40380,-39820,,,17
1.5,0,O,,,Манометр,40160,-39820,,,17
1.5,0,P,1,P,Расходомер,40160,-39900,40220,-39900,18
1.5,1,O,0,O,Расходомер,40210,-39820,40160,-39820,18
1.5,0,P,,,Термометр,40160,-39900,,,19
1.5,0,O,,,Термометр,40160,-39820,,,19
1.5,100000,P,100000,O,Расходомер,0,0,0,0,20
1.5,100000,P,100000,O,Расходомер,0,0,0,0,21
1.5,100000,P,,,Термометр,0,0,,,22
1.5,100000,P,,,Термометр,0,0,,,23
1.5,100000,,,,Термометр,,,,,29
1.5,100000,,,,Термометр,,,,,30
1.5,100000,P,100000,O,Расходомер,0,0,0,0,20
1.6,0,P,1,P,Задвижка,40060,-39900,40120,-39900,7
1.6,1,P,2,P,Диафрагма,40120,-39900,40180,-39900,5
1.6,2,P,3,P,Участок теплопровода,40180,-39900,40250,-39900,13
1.6,6,P,4,P,Диафрагма,40300,-39870,40300,-39830,1
1.6,4,P,4,O,Теплообменник,40300,-39830,40300,-39760,12
1.6,3,O,2,O,Участок теплопровода,40250,-39730,40180,-39730,14
1.6,2,O,1,O,Диафрагма,40180,-39730,40120,-39730,4
1.6,1,O,0,O,Задвижка,40120,-39730,40060,-39730,8
1.6,0,P,,,Манометр,40060,-39900,,,17
1.6,2,P,,,Манометр,40180,-39900,,,17
1.6,4,P,,,Манометр,40300,-39830,,,17
1.6,2,O,,,Манометр,40180,-39730,,,17
1.6,0,O,,,Манометр,40060,-39730,,,17
1.6,0,P,1,P,Расходомер,40060,-39900,40120,-39900,18
1.6,1,O,0,O,Расходомер,40120,-39730,40060,-39730,18
1.6,0,P,,,Термометр,40060,-39900,,,19
1.6,0,O,,,Термометр,40060,-39730,,,19
1.6,100000,P,,,Термометр,0,0,,,22
1.6,100000,P,,,Термометр,0,0,,,23
1.6,3,P,6,P,Задвижка,40250,-39900,40300,-39870,27
1.6,4,O,3,O,Участок теплопровода,40300,-39760,40250,-39730,475
1.6,3,P,7,P,Задвижка,40250,-39900,40200,-39870,48
1.6,7,P,5,P,Диафрагма,40200,-39870,40200,-39830,2
1.6,5,P,5,O,Калориферная установка,40200,-39830,40200,-39760,9
1.6,5,O,3,O,Участок теплопровода,40200,-39760,40250,-39730,476
1.6,3,P,6,P,Расходомер,40250,-39900,40300,-39870,18
1.6,3,P,7,P,Расходомер,40250,-39900,40200,-39870,18
1.6,5,P,,,Манометр,40200,-39830,,,17
1.6,5,O,,,Термометр,40200,-39760,,,19
1.6,4,O,,,Термометр,40300,-39760,,,19
1.6,100000,P,100000,O,Расходомер,0,0,0,0,21
1.6,100000,,,,Термометр,40430,-39720,,,24
100.1,1,O,16,O,Участок теплопровода,40420,-39700,40700,-39770,477
100.1,1,P,16,P,Задвижка,40420,-39980,40700,-39890,63
100.1,16,P,16,O,Теплообменник,40700,-39890,40700,-39770,81
100.1,0,P,1,P,Задвижка,40220,-39980,40420,-39980,7
100.1,1,O,0,O,Задвижка,40420,-39700,40220,-39700,8
100.1,1,O,7,O,Участок теплопровода,40420,-39700,40420,-39770,478
100.1,1,O,10,O,Участок теплопровода,40420,-39700,40560,-39770,479
100.1,1,O,13,O,Участок теплопровода,40420,-39700,40650,-39770,4710
100.1,1,O,14,O,Участок теплопровода,40420,-39700,40740,-39770,4711
100.1,1,O,15,O,Участок теплопровода,40420,-39700,40770,-39700,4712
100.1,1,P,2,P,Задвижка,40420,-39980,40220,-39890,51
100.1,1,P,3,P,Задвижка,40420,-39980,40270,-39890,52
100.1,1,P,4,P,Задвижка,40420,-39980,40320,-39890,53
100.1,1,P,7,P,Задвижка,40420,-39980,40420,-39890,56
100.1,1,P,10,P,Задвижка,40420,-39980,40560,-39890,59
100.1,1,P,13,P,Задвижка,40420,-39980,40650,-39890,62
100.1,1,P,14,P,Задвижка,40420,-39980,40740,-39890,63
100.1,1,P,15,P,Задвижка,40420,-39980,40770,-39980,64
100.1,15,O,154,O,Задвижка,40770,-39700,40800,-39770,65
100.1,71,O,7,O,Участок теплопровода,40360,-39830,40420,-39770,4713
100.1,101,O,10,O,Участок теплопровода,40500,-39830,40560,-39770,4714
100.1,2,P,2,O,Элеватор,40220,-39890,40220,-39770,15
100.1,3,P,3,O,Радиаторы системы отопления,40270,-39890,40270,-39770,16
100.1,4,P,4,O,Теплообменник,40320,-39890,40320,-39770,12
100.1,7,P,71,O,Теплообменник,40420,-39890,40360,-39830,71
100.1,7,P,72,O,Теплообменник,40420,-39890,40480,-39830,68
100.1,10,P,101,O,Теплообменник,40560,-39890,40500,-39830,77
100.1,10,P,102,O,Теплообменник,40560,-39890,40620,-39830,74
100.1,13,P,13,O,Теплообменник,40650,-39890,40650,-39770,80
100.1,14,P,14,O,Калориферная установка,40740,-39890,40740,-39770,9
100.1,153,P,,,Узел подпитки,40800,-39980,0,0,40
100.1,15,P,15,O,Участок теплопровода,40770,-39980,40770,-39700,43
100.1,154,O,155,O,Участок теплопровода,40800,-39770,40820,-39770,46
100.1,155,O,,,Узел подпитки,40820,-39770,0,0,41
100.1,15,P,153,P,Участок теплопровода,40770,-39980,40800,-39980,4715
100.1,1,O,2,O,Участок теплопровода,40420,-39700,40220,-39770,4716
100.1,1,O,3,O,Участок теплопровода,40420,-39700,40270,-39770,4717
100.1,1,O,4,O,Участок теплопровода,40420,-39700,40320,-39770,4718
100.1,7,O,72,O,Участок теплопровода,40420,-39770,40480,-39830,4719
100.1,10,O,102,O,Участок теплопровода,40560,-39770,40620,-39830,4720
15.1,0,P,1,P,Задвижка,40130,-39960,40200,-39960,7
15.1,1,P,2,P,Диафрагма,40200,-39960,40260,-39960,5
15.1,2,P,3,P,Участок теплопровода,40260,-39960,40320,-39960,13
15.1,3,P,4,P,Диафрагма,40320,-39960,40380,-39960,1
15.1,4,P,6,P,Теплообменник,40380,-39960,40450,-39960,11
15.1,5,P,5,O,Радиаторы системы отопления,40560,-39960,40560,-39760,16
15.1,5,O,2,O,Участок теплопровода,40560,-39760,40320,-39760,14
15.1,2,O,1,O,Диафрагма,40320,-39760,40230,-39760,4
15.1,1,O,0,O,Задвижка,40230,-39760,40130,-39760,8
15.1,0,P,,,Термометр,40130,-39960,,,19
15.1,0,P,,,Манометр,40130,-39960,,,17
15.1,0,O,,,Термометр,40130,-39760,,,19
15.1,0,O,,,Манометр,40130,-39760,,,17
15.1,0,P,1,P,Расходомер,40130,-39960,40200,-39960,18
15.1,2,P,,,Манометр,40260,-39960,,,17
15.1,4,P,,,Манометр,40380,-39960,,,17
15.1,5,P,,,Манометр,40560,-39960,,,17
15.1,5,P,,,Термометр,40560,-39960,,,19
15.1,2,O,,,Манометр,40320,-39760,,,17
15.1,100000,P,100000,O,Расходомер,0,0,0,0,26
15.1,100000,O,,,Термометр,0,0,,,31
15.1,100000,O,,,Термометр,0,0,,,33
15.1,100000,P,,,Термометр,0,0,,,23
15.1,6,P,5,P,Задвижка,40450,-39960,40560,-39960,49
15.1,6,P,5,O,Задвижка,40450,-39960,40560,-39760,50
15.1,5,P,,,Манометр,40560,-39960,,,17
15.1,6,P,,,Термометр,40450,-39960,,,19
15.10,0,P,1,P,Задвижка,40100,-39860,40170,-39860,7
15.10,1,P,2,P,Диафрагма,40170,-39860,40170,-39860,5
15.10,2,P,3,P,Участок теплопровода,40170,-39860,40230,-39860,13
15.10,3,P,4,P,Диафрагма,40230,-39860,40270,-39860,1
15.10,4,P,6,P,Теплообменник,40270,-39860,40330,-39860,11
15.10,5,P,5,O,Теплообменник,40390,-39860,40390,-39770,12
15.10,5,O,2,O,Участок теплопровода,40270,-39770,40230,-39770,14
15.10,2,O,1,O,Диафрагма,40230,-39770,40170,-39770,4
15.10,1,O,0,O,Задвижка,40170,-39770,40100,-39770,8
15.10,0,P,,,Термометр,40100,-39860,,,19
15.10,0,P,,,Манометр,40100,-39860,,,17
15.10,0,O,,,Термометр,40100,-39770,,,19
15.10,0,O,,,Манометр,40100,-39770,,,17
15.10,0,P,1,P,Расходомер,40100,-39860,40170,-39860,18
15.10,2,P,,,Манометр,40170,-39860,,,17
15.10,4,P,,,Манометр,40270,-39860,,,17
15.10,5,P,,,Манометр,40390,-39860,,,17
15.10,5,O,,,Манометр,40390,-39770,,,17
15.10,5,P,,,Термометр,40390,-39860,,,19
15.10,5,O,,,Термометр,40390,-39770,,,19
15.10,2,O,,,Манометр,40230,-39770,,,17
15.10,100000,P,100000,O,Расходомер,0,0,0,0,26
15.10,100000,O,,,Термометр,0,0,,,31
15.10,100000,P,,,Термометр,0,0,,,23
15.10,100000,P,,,Термометр,0,0,,,29
15.10,100000,O,,,Термометр,0,0,,,30
15.10,100000,P,,,Термометр,0,0,,,35
15.10,100000,P,100000,O,Расходомер,0,0,0,0,20
15.10,100000,P,100000,O,Расходомер,0,0,0,0,21
15.10,100000,P,100000,O,Расходомер,0,0,0,0,42
15.10,6,P,5,P,Задвижка,40330,-39860,40390,-39860,49
15.10,6,P,5,O,Задвижка,40330,-39860,40390,-39770,50
15.11,0,P,1,P,Задвижка,40060,-39940,40120,-39940,7
15.11,1,P,2,P,Диафрагма,40120,-39940,40170,-39940,5
15.11,2,P,3,P,Участок теплопровода,40170,-39940,40230,-39940,13
15.11,3,P,4,P,Диафрагма,40230,-39940,40180,-39900,1
15.11,4,P,6,P,Теплообменник,40180,-39900,40180,-39800,11
15.11,5,P,5,O,Теплообменник,40230,-39800,40230,-39710,12
15.11,5,O,2,O,Участок теплопровода,40230,-39710,40170,-39710,14
15.11,2,O,1,O,Диафрагма,40170,-39710,40120,-39710,4
15.11,1,O,0,O,Задвижка,40120,-39710,40060,-39710,8
15.11,0,P,,,Термометр,40060,-39940,,,19
15.11,0,P,,,Манометр,40060,-39940,,,17
15.11,0,O,,,Термометр,40060,-39710,,,19
15.11,0,O,,,Манометр,40060,-39710,,,17
15.11,0,P,1,P,Расходомер,40060,-39940,40120,-39940,18
15.11,2,P,,,Манометр,40170,-39940,,,17
15.11,4,P,,,Манометр,40180,-39900,,,17
15.11,5,P,,,Манометр,40230,-39800,,,17
15.11,5,O,,,Манометр,40230,-39710,,,17
15.11,5,P,,,Термометр,40230,-39800,,,19
15.11,5,O,,,Термометр,40230,-39710,,,19
15.11,2,O,,,Манометр,40170,-39710,,,17
15.11,100000,P,100000,O,Расходомер,0,0,0,0,26
15.11,100000,O,,,Термометр,0,0,,,31
15.11,100000,P,,,Термометр,0,0,,,23
15.11,6,P,5,P,Задвижка,40180,-39800,40230,-39800,49
15.11,6,P,5,O,Задвижка,40180,-39800,40230,-39710,50
15.11,5,O,7,O,Участок теплопровода,40230,-39710,40280,-39760,4721
15.11,3,P,8,P,Задвижка,40230,-39940,40280,-39900,48
15.11,8,P,9,P,Диафрагма,40280,-39900,40280,-39840,2
15.11,9,P,9,O,Калориферная установка,40280,-39840,40280,-39800,9
15.11,9,O,7,O,Участок теплопровода,40280,-39800,40280,-39760,4722
15.11,3,P,8,P,Расходомер,40230,-39940,40280,-39900,18
15.11,9,P,,,Манометр,40280,-39840,,,17
15.11,9,O,,,Термометр,40280,-39800,,,19
15.11,100000,P,,,Термометр,0,0,,,29
15.11,100000,O,,,Термометр,0,0,,,30
15.11,100000,P,,,Термометр,0,0,,,35
15.11,100000,P,100000,O,Расходомер,0,0,0,0,20
15.11,100000,P,100000,O,Расходомер,0,0,0,0,21
15.11,100000,P,,,Термометр,0,0,,,24
15.11,4,P,,,Термометр,40180,-39900,,,19
15.11,5,P,,,Манометр,40230,-39800,,,17
15.11,7,O,,,Термометр,40280,-39760,,,19
15.12,0,P,1,P,Задвижка,40090,-39870,40170,-39870,7
15.12,1,P,2,P,Диафрагма,40170,-39870,40240,-39870,5
15.12,2,P,3,P,Участок теплопровода,40240,-39870,40310,-39870,13
15.12,3,P,4,P,Диафрагма,40310,-39870,40390,-39870,1
15.12,4,P,6,P,Теплообменник,40390,-39870,40470,-39870,11
15.12,5,P,5,O,Теплообменник,40560,-39870,40560,-39650,12
15.12,5,O,2,O,Участок теплопровода,40560,-39650,40250,-39650,14
15.12,2,O,1,O,Диафрагма,40250,-39650,40180,-39650,4
15.12,1,O,0,O,Задвижка,40180,-39650,40090,-39650,8
15.12,0,P,,,Термометр,40090,-39870,,,19
15.12,0,P,,,Манометр,40090,-39870,,,17
15.12,0,O,,,Термометр,40090,-39650,,,19
15.12,0,O,,,Манометр,40090,-39650,,,17
15.12,0,P,1,P,Расходомер,40090,-39870,40170,-39870,18
15.12,2,P,,,Манометр,40240,-39870,,,17
15.12,4,P,,,Манометр,40390,-39870,,,17
15.12,5,P,,,Манометр,40560,-39870,,,17
15.12,5,O,,,Манометр,40560,-39650,,,17
15.12,5,P,,,Термометр,40560,-39870,,,19
15.12,5,O,,,Термометр,40560,-39650,,,19
15.12,2,O,,,Манометр,40250,-39650,,,17
15.12,100000,P,100000,O,Расходомер,0,0,0,0,26
15.12,100000,O,,,Термометр,0,0,,,31
15.12,100000,P,,,Термометр,0,0,,,23
15.12,6,P,5,P,Задвижка,40470,-39870,40560,-39870,49
15.12,6,P,5,O,Задвижка,40470,-39870,40560,-39650,50
15.12,5,O,7,O,Участок теплопровода,40560,-39650,40460,-39700,4723
15.12,3,P,8,P,Задвижка,40310,-39870,40310,-39810,48
15.12,8,P,9,P,Диафрагма,40310,-39810,40310,-39750,2
15.12,9,P,9,O,Калориферная установка,40310,-39750,40310,-39700,9
15.12,9,O,7,O,Участок теплопровода,40310,-39700,40460,-39700,4724
15.12,3,P,8,P,Расходомер,40310,-39870,40310,-39810,18
15.12,9,P,,,Манометр,40310,-39750,,,17
15.12,9,O,,,Термометр,40310,-39700,,,19
15.12,100000,P,,,Термометр,0,0,,,29
15.12,100000,O,,,Термометр,0,0,,,30
15.12,100000,P,,,Термометр,0,0,,,35
15.12,100000,P,100000,O,Расходомер,0,0,0,0,20
15.12,100000,P,100000,O,Расходомер,0,0,0,0,21
15.12,3,,,,Термометр,40430,-39720,,,24
15.12,4,P,,,Термометр,40390,-39870,,,19
15.12,5,P,,,Манометр,40560,-39870,,,17
15.12,7,O,,,Термометр,40460,-39700,,,19
15.2,0,P,1,P,Задвижка,40060,-39940,40120,-39940,7
15.2,1,P,2,P,Диафрагма,40120,-39940,40190,-39940,5
15.2,2,P,3,P,Участок теплопровода,40190,-39940,40260,-39940,13
15.2,3,P,4,P,Диафрагма,40260,-39940,40260,-39880,1
15.2,4,P,6,P,Теплообменник,40260,-39880,40260,-39800,11
15.2,5,P,5,O,Радиаторы системы отопления,40320,-39800,40320,-39710,16
15.2,5,O,2,O,Участок теплопровода,40320,-39710,40190,-39710,14
15.2,2,O,1,O,Диафрагма,40190,-39710,40120,-39710,4
15.2,1,O,0,O,Задвижка,40120,-39710,40060,-39710,8
15.2,0,P,,,Термометр,40060,-39940,,,19
15.2,0,P,,,Манометр,40060,-39940,,,17
15.2,0,O,,,Термометр,40060,-39710,,,19
15.2,0,O,,,Манометр,40060,-39710,,,17
15.2,0,P,1,P,Расходомер,40060,-39940,40120,-39940,18
15.2,2,P,,,Манометр,40190,-39940,,,17
15.2,4,P,,,Манометр,40260,-39880,,,17
15.2,5,P,,,Манометр,40320,-39800,,,17
15.2,5,O,,,Манометр,40320,-39710,,,17
15.2,5,P,,,Термометр,40320,-39800,,,19
15.2,5,O,,,Термометр,40320,-39710,,,19
15.2,2,O,,,Манометр,40190,-39710,,,17
15.2,100000,P,100000,O,Расходомер,0,0,0,0,26
15.2,100000,O,,,Термометр,0,0,,,31
15.2,100000,P,,,Термометр,0,0,,,23
15.2,100000,P,100000,O,Расходомер,0,0,0,0,42
15.2,6,P,5,P,Задвижка,40260,-39800,40320,-39800,49
15.2,6,P,5,O,Задвижка,40260,-39800,40320,-39710,50
15.2,5,P,,,Манометр,40320,-39800,,,17
15.3,0,P,1,P,Задвижка,40060,-39970,40130,-39970,7
15.3,1,P,2,P,Диафрагма,40130,-39970,40200,-39970,5
15.3,2,P,3,P,Участок теплопровода,40200,-39970,40290,-39970,13
15.3,3,P,4,P,Диафрагма,40290,-39970,40390,-39970,1
15.3,4,P,6,P,Теплообменник,40390,-39970,40390,-39890,11
15.3,5,P,5,O,Радиаторы системы отопления,40480,-39790,40390,-39700,16
15.3,5,O,2,O,Участок теплопровода,40390,-39700,40230,-39640,14
15.3,2,O,1,O,Диафрагма,40230,-39640,40160,-39640,4
15.3,1,O,0,O,Задвижка,40160,-39640,40080,-39640,8
15.3,0,P,,,Термометр,40060,-39970,,,19
15.3,0,P,,,Манометр,40060,-39970,,,17
15.3,0,O,,,Термометр,40080,-39640,,,19
15.3,0,O,,,Манометр,40080,-39640,,,17
15.3,0,P,1,P,Расходомер,40060,-39970,40130,-39970,18
15.3,2,P,,,Манометр,40200,-39970,,,17
15.3,4,P,,,Манометр,40390,-39970,,,17
15.3,5,P,,,Манометр,40480,-39790,,,17
15.3,5,O,,,Манометр,40390,-39700,,,17
15.3,5,P,,,Термометр,40480,-39790,,,19
15.3,5,O,,,Термометр,40390,-39700,,,19
15.3,2,O,,,Манометр,40230,-39640,,,17
15.3,100000,P,100000,O,Расходомер,0,0,0,0,26
15.3,100000,O,,,Термометр,0,0,,,31
15.3,100000,P,,,Термометр,0,0,,,23
15.3,6,P,5,P,Задвижка,40390,-39890,40480,-39790,49
15.3,6,P,5,O,Задвижка,40390,-39890,40390,-39700,50
15.3,5,O,7,O,Участок теплопровода,40390,-39700,40290,-39700,4725
15.3,3,P,8,P,Задвижка,40290,-39970,40290,-39890,48
15.3,8,P,9,P,Диафрагма,40290,-39890,40290,-39820,2
15.3,9,P,9,O,Калориферная установка,40290,-39820,40290,-39750,9
15.3,9,O,7,O,Участок теплопровода,40290,-39750,40290,-39700,4726
15.3,3,P,8,P,Расходомер,40290,-39970,40290,-39890,18
15.3,9,P,,,Манометр,40290,-39820,,,17
15.3,9,O,,,Термометр,40290,-39750,,,19
15.3,100000,P,,,Термометр,40430,-39720,,,24
15.3,5,P,,,Манометр,,,,,17
15.4,0,P,1,P,Задвижка,40050,-39930,40120,-39930,7
15.4,1,P,2,P,Диафрагма,40120,-39930,40200,-39930,5
15.4,2,P,3,P,Участок теплопровода,40200,-39930,40260,-39930,13
15.4,3,P,4,P,Диафрагма,40260,-39930,40210,-39880,1
15.4,4,P,6,P,Теплообменник,40210,-39880,40210,-39800,11
15.4,5,P,5,O,Радиаторы системы отопления,40280,-39800,40280,-39680,16
15.4,5,O,2,O,Участок теплопровода,40280,-39680,40200,-39680,14
15.4,2,O,1,O,Диафрагма,40200,-39680,40120,-39680,4
15.4,1,O,0,O,Задвижка,40120,-39680,40050,-39680,8
15.4,0,P,,,Термометр,40050,-39930,,,19
15.4,0,P,,,Манометр,40050,-39930,,,17
15.4,0,O,,,Термометр,40050,-39680,,,19
15.4,0,O,,,Манометр,40050,-39680,,,17
15.4,0,P,1,P,Расходомер,40050,-39930,40120,-39930,18
15.4,2,P,,,Манометр,40200,-39930,,,17
15.4,4,P,,,Манометр,40210,-39880,,,17
15.4,5,P,,,Манометр,40280,-39800,,,17
15.4,5,O,,,Манометр,40280,-39680,,,17
15.4,5,P,,,Термометр,40280,-39800,,,19
15.4,5,O,,,Термометр,40280,-39680,,,19
15.4,2,O,,,Манометр,40200,-39680,,,17
15.4,100000,P,100000,O,Расходомер,0,0,0,0,26
15.4,100000,O,,,Термометр,0,0,,,31
15.4,100000,P,,,Термометр,0,0,,,23
15.4,6,P,5,P,Задвижка,40210,-39800,40280,-39800,49
15.4,6,P,5,O,Задвижка,40210,-39800,40280,-39680,50
15.4,5,O,7,O,Участок теплопровода,40280,-39680,40320,-39680,4727
15.4,3,P,8,P,Задвижка,40260,-39930,40320,-39880,48
15.4,8,P,9,P,Диафрагма,40320,-39880,40320,-39820,2
15.4,9,P,9,O,Калориферная установка,40320,-39820,40320,-39770,9
15.4,9,O,7,O,Участок теплопровода,40320,-39770,40320,-39680,4728
15.4,3,P,8,P,Расходомер,40260,-39930,40320,-39880,18
15.4,9,P,,,Манометр,40320,-39820,,,17
15.4,9,O,,,Термометр,40320,-39770,,,19
15.4,100000,P,100000,O,Расходомер,0,0,0,0,42
15.4,100000,P,,,Термометр,0,0,,,24
15.4,5,P,,,Манометр,40280,-39800,,,17
15.5,0,P,1,P,Задвижка,40090,-39870,40150,-39870,7
15.5,1,P,2,P,Диафрагма,40150,-39870,40200,-39870,5
15.5,2,P,3,P,Участок теплопровода,40200,-39870,40250,-39870,13
15.5,3,P,4,P,Диафрагма,40250,-39870,40300,-39870,1
15.5,4,P,6,P,Теплообменник,40300,-39870,40360,-39870,11
15.5,5,P,5,O,Элеватор,40440,-39870,40440,-39780,15
15.5,5,O,2,O,Участок теплопровода,40440,-39780,40250,-39780,14
15.5,2,O,1,O,Диафрагма,40250,-39780,40200,-39780,4
15.5,1,O,0,O,Задвижка,40200,-39780,40090,-39780,8
15.5,0,P,,,Термометр,40090,-39870,,,19
15.5,0,P,,,Манометр,40090,-39870,,,17
15.5,0,O,,,Термометр,40090,-39780,,,19
15.5,0,O,,,Манометр,40090,-39780,,,17
15.5,0,P,1,P,Расходомер,40090,-39870,40150,-39870,18
15.5,2,P,,,Манометр,40200,-39870,,,17
15.5,4,P,,,Манометр,40300,-39870,,,17
15.5,5,P,,,Манометр,40440,-39870,,,17
15.5,5,O,,,Манометр,40440,-39780,,,17
15.5,5,P,,,Термометр,40440,-39870,,,19
15.5,5,O,,,Термометр,40440,-39780,,,19
15.5,2,O,,,Манометр,40250,-39780,,,17
15.5,100000,P,100000,O,Расходомер,0,0,0,0,26
15.5,100000,O,,,Термометр,0,0,,,31
15.5,100000,P,,,Термометр,0,0,,,23
15.5,100000,P,100000,O,Расходомер,0,0,0,0,25
15.5,100000,P,,,Манометр,0,0,,,32
15.5,100000,P,,,Термометр,0,0,,,34
15.5,6,P,5,P,Задвижка,40360,-39870,40440,-39870,49
15.5,6,P,5,O,Задвижка,40360,-39870,40440,-39780,50
15.5,5,P,,,Манометр,40440,-39870,,,17
15.6,0,P,1,P,Задвижка,40090,-39850,40140,-39850,7
15.6,1,P,2,P,Диафрагма,40140,-39850,40190,-39850,5
15.6,2,P,3,P,Участок теплопровода,40190,-39850,40250,-39850,13
15.6,3,P,4,P,Диафрагма,40250,-39850,40310,-39850,1
15.6,4,P,6,P,Теплообменник,40310,-39850,40370,-39850,11
15.6,5,P,5,O,Элеватор,40430,-39850,40430,-39750,15
15.6,5,O,2,O,Участок теплопровода,40310,-39750,40250,-39750,14
15.6,2,O,1,O,Диафрагма,40250,-39750,40140,-39750,4
15.6,1,O,0,O,Задвижка,40140,-39750,40090,-39750,8
15.6,0,P,,,Термометр,40090,-39850,,,19
15.6,0,P,,,Манометр,40090,-39850,,,17
15.6,0,O,,,Термометр,40090,-39750,,,19
15.6,0,O,,,Манометр,40090,-39750,,,17
15.6,0,P,1,P,Расходомер,40090,-39850,40140,-39850,18
15.6,2,P,,,Манометр,40190,-39850,,,17
15.6,4,P,,,Манометр,40310,-39850,,,17
15.6,5,P,,,Манометр,40430,-39850,,,17
15.6,5,O,,,Манометр,40430,-39750,,,17
15.6,5,P,,,Термометр,40430,-39850,,,19
15.6,5,O,,,Термометр,40430,-39750,,,19
15.6,2,O,,,Манометр,40250,-39750,,,17
15.6,100000,P,100000,O,Расходомер,0,0,0,0,26
15.6,100000,O,,,Термометр,0,0,,,31
15.6,100000,P,,,Термометр,0,0,,,23
15.6,100000,P,100000,O,Расходомер,0,0,0,0,25
15.6,100000,P,,,Манометр,0,0,,,32
15.6,100000,P,,,Термометр,0,0,,,34
15.6,100000,P,100000,O,Расходомер,0,0,0,0,42
15.6,6,P,5,P,Задвижка,40370,-39850,40430,-39850,49
15.6,6,P,5,O,Задвижка,40370,-39850,40430,-39750,50
15.6,5,P,,,Манометр,40430,-39850,,,17
15.7,0,P,1,P,Задвижка,40060,-39930,40120,-39930,7
15.7,1,P,2,P,Диафрагма,40120,-39930,40170,-39930,5
15.7,2,P,3,P,Участок теплопровода,40170,-39930,40220,-39930,13
15.7,3,P,4,P,Диафрагма,40220,-39930,40170,-39880,1
15.7,4,P,6,P,Теплообменник,40170,-39880,40170,-39830,11
15.7,5,P,5,O,Элеватор,40220,-39830,40220,-39710,15
15.7,5,O,2,O,Участок теплопровода,40220,-39710,40170,-39710,14
15.7,2,O,1,O,Диафрагма,40170,-39710,40120,-39710,4
15.7,1,O,0,O,Задвижка,40120,-39710,40060,-39710,8
15.7,0,P,,,Термометр,40060,-39930,,,19
15.7,0,P,,,Манометр,40060,-39930,,,17
15.7,0,O,,,Термометр,40060,-39710,,,19
15.7,0,O,,,Манометр,40060,-39710,,,17
15.7,0,P,1,P,Расходомер,40060,-39930,40120,-39930,18
15.7,2,P,,,Манометр,40170,-39930,,,17
15.7,4,P,,,Манометр,40170,-39880,,,17
15.7,5,P,,,Манометр,40220,-39830,,,17
15.7,5,O,,,Манометр,40220,-39710,,,17
15.7,5,P,,,Термометр,40220,-39830,,,19
15.7,5,O,,,Термометр,40220,-39710,,,19
15.7,2,O,,,Манометр,40170,-39710,,,17
15.7,100000,P,100000,O,Расходомер,0,0,0,0,26
15.7,100000,O,,,Термометр,0,0,,,31
15.7,100000,P,,,Термометр,0,0,,,23
15.7,6,P,5,P,Задвижка,40170,-39830,40220,-39830,49
15.7,6,P,5,O,Задвижка,40170,-39830,40220,-39710,50
15.7,5,O,7,O,Участок теплопровода,40220,-39710,40270,-39710,4729
15.7,3,P,8,P,Задвижка,40220,-39930,40270,-39930,48
15.7,8,P,9,P,Диафрагма,40270,-39930,40270,-39860,2
15.7,9,P,9,O,Калориферная установка,40270,-39860,40270,-39790,9
15.7,9,O,7,O,Участок теплопровода,40270,-39790,40270,-39710,4730
15.7,3,P,8,P,Расходомер,40220,-39930,40270,-39930,18
15.7,9,P,,,Манометр,40270,-39860,,,17
15.7,9,O,,,Термометр,40270,-39790,,,19
15.7,100000,P,100000,O,Расходомер,0,0,0,0,25
15.7,100000,P,,,Манометр,0,0,,,32
15.7,100000,P,,,Термометр,0,0,,,34
15.7,100000,,,,Термометр,40430,-39720,,,24
15.7,5,P,,,Манометр,40220,-39830,,,17
15.8,0,P,1,P,Задвижка,40050,-39920,40110,-39920,7
15.8,1,P,2,P,Диафрагма,40110,-39920,40170,-39920,5
15.8,2,P,3,P,Участок теплопровода,40170,-39920,40230,-39920,13
15.8,3,P,4,P,Диафрагма,40230,-39920,40180,-39870,1
15.8,4,P,6,P,Теплообменник,40180,-39870,40180,-39790,11
15.8,5,P,5,O,Элеватор,40250,-39790,40250,-39680,15
15.8,5,O,2,O,Участок теплопровода,40250,-39680,40170,-39680,14
15.8,2,O,1,O,Диафрагма,40170,-39680,40110,-39680,4
15.8,1,O,0,O,Задвижка,40110,-39680,40050,-39680,8
15.8,0,P,,,Термометр,40050,-39920,,,19
15.8,0,P,,,Манометр,40050,-39920,,,17
15.8,0,O,,,Термометр,40050,-39680,,,19
15.8,0,O,,,Манометр,40050,-39680,,,17
15.8,0,P,1,P,Расходомер,40050,-39920,40110,-39920,18
15.8,2,P,,,Манометр,40170,-39920,,,17
15.8,4,P,,,Манометр,40180,-39870,,,17
15.8,5,P,,,Манометр,40250,-39790,,,17
15.8,5,O,,,Манометр,40250,-39680,,,17
15.8,5,P,,,Термометр,40250,-39790,,,19
15.8,5,O,,,Термометр,40250,-39680,,,19
15.8,2,O,,,Манометр,40170,-39680,,,17
15.8,100000,P,100000,O,Расходомер,0,0,0,0,26
15.8,100000,O,,,Термометр,0,0,,,31
15.8,100000,P,,,Термометр,0,0,,,23
15.8,6,P,5,P,Задвижка,40180,-39790,40250,-39790,49
15.8,6,P,5,O,Задвижка,40180,-39790,40250,-39680,50
15.8,5,O,7,O,Участок теплопровода,40250,-39680,40320,-39680,4731
15.8,3,P,8,P,Задвижка,40230,-39920,40320,-39920,48
15.8,8,P,9,P,Диафрагма,40320,-39920,40320,-39830,2
15.8,9,P,9,O,Калориферная установка,40320,-39830,40320,-39740,9
15.8,9,O,7,O,Участок теплопровода,40320,-39740,40320,-39680,4732
15.8,3,P,8,P,Расходомер,40230,-39920,40320,-39920,18
15.8,9,P,,,Манометр,40320,-39830,,,17
15.8,9,O,,,Термометр,40320,-39740,,,19
15.8,100000,P,100000,O,Расходомер,0,0,0,0,25
15.8,100000,P,,,Манометр,0,0,,,32
15.8,100000,P,,,Термометр,0,0,,,34
15.8,100000,P,100000,O,Расходомер,0,0,0,0,42
15.8,100000,P,,,Термометр,0,0,,,24
15.8,5,P,,,Манометр,40250,-39790,,,17
15.9,0,P,1,P,Задвижка,40080,-39880,40130,-39880,7
15.9,1,P,2,P,Диафрагма,40130,-39880,40180,-39880,5
15.9,2,P,3,P,Участок теплопровода,40180,-39880,40230,-39880,13
15.9,3,P,4,P,Диафрагма,40230,-39880,40280,-39880,1
15.9,4,P,6,P,Теплообменник,40280,-39880,40330,-39880,11
15.9,5,P,5,O,Теплообменник,40380,-39880,40380,-39800,12
15.9,5,O,2,O,Участок теплопровода,40380,-39800,40180,-39800,14
15.9,2,O,1,O,Диафрагма,40180,-39800,40130,-39800,4
15.9,1,O,0,O,Задвижка,40130,-39800,40080,-39800,8
15.9,0,P,,,Термометр,40080,-39880,,,19
15.9,0,P,,,Манометр,40080,-39880,,,17
15.9,0,O,,,Термометр,40080,-39800,,,19
15.9,0,O,,,Манометр,40080,-39800,,,17
15.9,0,P,1,P,Расходомер,40080,-39880,40130,-39880,18
15.9,2,P,,,Манометр,40180,-39880,,,17
15.9,4,P,,,Манометр,40280,-39880,,,17
15.9,5,P,,,Манометр,40380,-39880,,,17
15.9,5,O,,,Манометр,40380,-39800,,,17
15.9,5,P,,,Термометр,40380,-39880,,,19
15.9,5,O,,,Термометр,40380,-39800,,,19
15.9,2,O,,,Манометр,40180,-39800,,,17
15.9,100000,P,100000,O,Расходомер,0,0,0,0,26
15.9,100000,O,,,Термометр,0,0,,,31
15.9,100000,P,,,Термометр,0,0,,,23
15.9,100000,P,,,Термометр,0,0,,,29
15.9,100000,O,,,Термометр,0,0,,,30
15.9,100000,P,,,Термометр,0,0,,,35
15.9,100000,P,100000,O,Расходомер,0,0,0,0,20
15.9,100000,P,100000,O,Расходомер,0,0,0,0,21
15.9,6,P,5,P,Задвижка,40330,-39880,40380,-39880,49
15.9,6,P,5,O,Задвижка,40330,-39880,40380,-39800,50
15.9,5,P,,,Манометр,40380,-39880,,,17
2.1,0,P,1,P,Задвижка,40150,-39890,40250,-39890,7
2.1,1,P,2,P,Диафрагма,40250,-39890,40350,-39890,5
2.1,2,P,3,P,Участок теплопровода,40350,-39890,40460,-39890,13
2.1,3,P,4,P,Диафрагма,40460,-39890,40530,-39890,2
2.1,4,P,4,O,Калориферная установка,40530,-39890,40530,-39730,9
2.1,4,O,3,O,Участок теплопровода,40530,-39730,40470,-39730,14
2.1,3,O,1,O,Диафрагма,40470,-39730,40250,-39730,4
2.1,1,O,0,O,Задвижка,40250,-39730,40150,-39730,8
2.1,0,P,,,Манометр,40150,-39890,,,17
2.1,2,P,,,Манометр,40350,-39890,,,17
2.1,4,P,,,Манометр,40530,-39890,,,17
2.1,3,O,,,Манометр,40470,-39730,,,17
2.1,0,O,,,Манометр,40150,-39730,,,17
2.1,0,P,1,P,Расходомер,40150,-39890,40250,-39890,18
2.1,0,P,,,Термометр,40150,-39890,,,19
2.1,0,O,,,Термометр,40150,-39730,,,19
2.1,100000,P,,,Термометр,0,0,,,22
2.1,100000,P,,,Термометр,0,0,,,24
3.1,0,P,1,P,Задвижка,39980,-39880,40110,-39880,7
3.1,1,P,2,P,Диафрагма,40110,-39880,40230,-39880,5
3.1,2,P,3,P,Участок теплопровода,40230,-39880,40320,-39880,13
3.1,3,P,4,P,Задвижка,40320,-39880,40320,-39800,27
3.1,4,P,5,P,Диафрагма,40320,-39800,40320,-39740,1
3.1,5,P,5,O,Радиаторы системы отопления,40320,-39740,40320,-39660,16
3.1,5,O,3,O,Участок теплопровода,40320,-39660,40320,-39610,4733
3.1,2,O,1,O,Диафрагма,40230,-39610,40110,-39610,4
3.1,1,O,0,O,Задвижка,40110,-39610,39980,-39610,8
3.1,3,P,6,P,Задвижка,40320,-39880,40400,-39880,28
3.1,6,P,7,P,Диафрагма,40400,-39880,40490,-39880,3
3.1,7,P,7,O,Теплообменник,40490,-39880,40490,-39610,11
3.1,3,O,2,O,Участок теплопровода,40320,-39610,40230,-39610,14
3.1,7,O,3,O,Участок теплопровода,40490,-39610,40320,-39610,4734
3.1,0,P,,,Манометр,39980,-39880,,,17
3.1,2,P,,,Манометр,40230,-39880,,,17
3.1,5,P,,,Манометр,40320,-39740,,,17
3.1,2,O,,,Манометр,40230,-39610,,,17
3.1,0,O,,,Манометр,39980,-39610,,,17
3.1,0,P,1,P,Расходомер,39980,-39880,40110,-39880,18
3.1,1,O,0,O,Расходомер,40110,-39610,39980,-39610,18
3.1,0,P,,,Термометр,39980,-39880,,,19
3.1,0,O,,,Термометр,39980,-39610,,,19
3.1,100000,P,,,Термометр,0,0,,,22
3.1,100000,P,,,Термометр,0,0,,,23
3.1,7,P,,,Манометр,40490,-39880,,,17
3.1,3,P,6,P,Расходомер,40320,-39880,40400,-39880,18
3.1,100000,P,100000,O,Расходомер,0,0,0,0,26
3.1,3,P,4,P,Расходомер,40320,-39880,40320,-39800,18
3.1,5,O,,,Термометр,40320,-39660,,,19
3.1,7,O,,,Термометр,40490,-39610,,,19
3.1,100000,O,,,Термометр,0,0,,,31
3.10,100000,P,100000,O,Расходомер,0,0,0,0,42
3.10,100000,P,100000,O,Расходомер,0,0,0,0,21
3.10,100000,,,,Термометр,,,,,29
3.10,100000,,,,Термометр,,,,,30
3.10,100000,P,100000,O,Расходомер,0,0,0,0,20
3.10,0,P,1,P,Задвижка,40050,-39940,40110,-39940,7
3.10,1,P,2,P,Диафрагма,40110,-39940,40160,-39940,5
3.10,2,P,3,P,Участок теплопровода,40160,-39940,40220,-39940,13
3.10,3,P,4,P,Задвижка,40220,-39940,40170,-39890,27
3.10,4,P,5,P,Диафрагма,40170,-39890,40170,-39840,1
3.10,5,P,5,O,Теплообменник,40170,-39840,40170,-39750,12
3.10,5,O,3,O,Участок теплопровода,40170,-39750,40220,-39710,4735
3.10,2,O,1,O,Диафрагма,40160,-39710,40110,-39710,4
3.10,1,O,0,O,Задвижка,40110,-39710,40050,-39710,8
3.10,3,P,6,P,Задвижка,40220,-39940,40270,-39890,28
3.10,6,P,7,P,Диафрагма,40270,-39890,40270,-39840,3
3.10,7,P,7,O,Теплообменник,40270,-39840,40270,-39750,11
3.10,3,O,2,O,Участок теплопровода,40220,-39710,40160,-39710,14
3.10,7,O,3,O,Участок теплопровода,40270,-39750,40220,-39710,4736
3.10,0,P,,,Манометр,40050,-39940,,,17
3.10,2,P,,,Манометр,40160,-39940,,,17
3.10,5,P,,,Манометр,40170,-39840,,,17
3.10,2,O,,,Манометр,40160,-39710,,,17
3.10,0,O,,,Манометр,40050,-39710,,,17
3.10,0,P,1,P,Расходомер,40050,-39940,40110,-39940,18
3.10,1,O,0,O,Расходомер,40110,-39710,40050,-39710,18
3.10,0,P,,,Термометр,40050,-39940,,,19
3.10,0,O,,,Термометр,40050,-39710,,,19
3.10,100000,P,,,Термометр,0,0,,,22
3.10,100000,P,,,Термометр,0,0,,,23
3.10,7,P,,,Манометр,40270,-39840,,,17
3.10,3,P,6,P,Расходомер,40220,-39940,40270,-39890,18
3.10,100000,P,100000,O,Расходомер,0,0,0,0,26
3.10,3,P,4,P,Расходомер,40220,-39940,40170,-39890,18
3.10,5,O,,,Термометр,40170,-39750,,,19
3.10,7,O,,,Термометр,40270,-39750,,,19
3.10,100000,O,,,Термометр,0,0,,,31
3.10,100000,P,,,Термометр,0,0,,,35
3.11,0,P,1,P,Задвижка,40150,-39930,40210,-39930,7
3.11,1,P,2,P,Диафрагма,40210,-39930,40290,-39930,5
3.11,2,P,3,P,Участок теплопровода,40290,-39930,40410,-39930,13
3.11,7,P,4,P,Диафрагма,40590,-39930,40590,-39840,1
3.11,4,P,4,O,Теплообменник,40590,-39840,40590,-39670,12
3.11,3,O,2,O,Участок теплопровода,40440,-39670,40290,-39670,14
3.11,2,O,1,O,Диафрагма,40290,-39670,40210,-39670,4
3.11,1,O,0,O,Задвижка,40210,-39670,40150,-39670,8
3.11,0,P,,,Манометр,40150,-39930,,,17
3.11,2,P,,,Манометр,40290,-39930,,,17
3.11,4,P,,,Манометр,40590,-39840,,,17
3.11,2,O,,,Манометр,40290,-39670,,,17
3.11,0,O,,,Манометр,40150,-39670,,,17
3.11,0,P,1,P,Расходомер,40150,-39930,40210,-39930,18
3.11,1,O,0,O,Расходомер,40210,-39670,40150,-39670,18
3.11,0,P,,,Термометр,40150,-39930,,,19
3.11,0,O,,,Термометр,40150,-39670,,,19
3.11,100000,P,,,Термометр,0,0,,,22
3.11,100000,P,,,Термометр,0,0,,,23
3.11,3,P,7,P,Задвижка,40410,-39930,40590,-39930,27
3.11,4,O,3,O,Участок теплопровода,40590,-39670,40440,-39670,4737
3.11,3,P,9,P,Задвижка,40410,-39930,40410,-39850,48
3.11,9,P,5,P,Диафрагма,40410,-39850,40410,-39780,2
3.11,5,P,5,O,Калориферная установка,40410,-39780,40410,-39720,9
3.11,5,O,3,O,Участок теплопровода,40410,-39720,40440,-39670,4738
3.11,3,P,7,P,Расходомер,40410,-39930,40590,-39930,18
3.11,3,P,9,P,Расходомер,40410,-39930,40410,-39850,18
3.11,5,P,,,Манометр,40410,-39780,,,17
3.11,5,O,,,Термометр,40410,-39720,,,19
3.11,4,O,,,Термометр,40590,-39670,,,19
3.11,6,P,,,Манометр,40510,-39820,,,17
3.11,3,P,8,P,Расходомер,40410,-39930,40510,-39890,18
3.11,100000,P,100000,O,Расходомер,0,0,0,0,26
3.11,6,O,,,Термометр,40510,-39720,,,19
3.11,100000,O,,,Термометр,0,0,,,31
3.11,100000,P,100000,O,Расходомер,0,0,0,0,21
3.11,100000,,,,Термометр,,,,,29
3.11,100000,,,,Термометр,,,,,30
3.11,100000,P,100000,O,Расходомер,0,0,0,0,20
3.11,100000,P,,,Термометр,0,0,,,35
3.11,100000,P,,,Термометр,0,0,,,24
3.11,3,P,8,P,Задвижка,40410,-39930,40510,-39890,28
3.11,8,P,6,P,Диафрагма,40510,-39890,40510,-39820,3
3.11,6,P,6,O,Теплообменник,40510,-39820,40510,-39720,11
3.11,6,O,3,O,Участок теплопровода,40510,-39720,40440,-39670,4739
3.12,3,P,8,P,Задвижка,40520,-39870,40450,-39830,28
3.12,8,P,6,P,Диафрагма,40450,-39830,40450,-39760,3
3.12,6,P,6,O,Теплообменник,40450,-39760,40450,-39630,11
3.12,6,O,3,O,Участок теплопровода,40450,-39630,40520,-39590,4740
3.12,100000,,,,Термометр,40430,-39720,,,24
3.12,0,P,1,P,Задвижка,40300,-39870,40370,-39870,7
3.12,1,P,2,P,Диафрагма,40370,-39870,40440,-39870,5
3.12,2,P,3,P,Участок теплопровода,40440,-39870,40520,-39870,13
3.12,7,P,4,P,Диафрагма,40590,-39840,40590,-39760,1
3.12,4,P,4,O,Теплообменник,40590,-39760,40590,-39630,12
3.12,3,O,2,O,Участок теплопровода,40520,-39590,40440,-39590,14
3.12,2,O,1,O,Диафрагма,40440,-39590,40370,-39590,4
3.12,1,O,0,O,Задвижка,40370,-39590,40300,-39590,8
3.12,0,P,,,Манометр,40300,-39870,,,17
3.12,2,P,,,Манометр,40440,-39870,,,17
3.12,4,P,,,Манометр,40590,-39760,,,17
3.12,2,O,,,Манометр,40440,-39590,,,17
3.12,0,O,,,Манометр,40300,-39590,,,17
3.12,0,P,1,P,Расходомер,40300,-39870,40370,-39870,18
3.12,1,O,0,O,Расходомер,40370,-39590,40300,-39590,18
3.12,0,P,,,Термометр,40300,-39870,,,19
3.12,0,O,,,Термометр,40300,-39590,,,19
3.12,100000,P,,,Термометр,0,0,,,22
3.12,100000,P,,,Термометр,0,0,,,23
3.12,3,P,7,P,Задвижка,40520,-39870,40590,-39840,27
3.12,4,O,3,O,Участок теплопровода,40590,-39630,40520,-39590,4741
3.12,3,P,9,P,Задвижка,40520,-39870,40520,-39820,48
3.12,9,P,5,P,Диафрагма,40520,-39820,40520,-39760,2
3.12,5,P,5,O,Калориферная установка,40520,-39760,40520,-39630,9
3.12,5,O,3,O,Участок теплопровода,40520,-39630,40520,-39590,4742
3.12,3,P,7,P,Расходомер,40520,-39870,40590,-39840,18
3.12,3,P,9,P,Расходомер,40520,-39870,40520,-39820,18
3.12,5,P,,,Манометр,40520,-39760,,,17
3.12,5,O,,,Термометр,40520,-39630,,,19
3.12,4,O,,,Термометр,40590,-39630,,,19
3.12,6,P,,,Манометр,40450,-39760,,,17
3.12,3,P,8,P,Расходомер,40520,-39870,40450,-39830,18
3.12,100000,P,100000,O,Расходомер,0,0,0,0,26
3.12,6,O,,,Термометр,40450,-39630,,,19
3.12,100000,O,,,Термометр,0,0,,,31
3.12,100000,P,100000,O,Расходомер,0,0,0,0,21
3.12,100000,,,,Термометр,,,,,29
3.12,100000,,,,Термометр,,,,,30
3.12,100000,P,100000,O,Расходомер,0,0,0,0,20
3.12,100000,P,,,Термометр,0,0,,,35
3.12,100000,P,100000,O,Расходомер,0,0,0,0,42
3.2,0,P,1,P,Задвижка,40110,-39940,40170,-39940,7
3.2,1,P,2,P,Диафрагма,40170,-39940,40240,-39940,5
3.2,2,P,3,P,Участок теплопровода,40240,-39940,40310,-39940,13
3.2,3,P,4,P,Задвижка,40310,-39940,40380,-39940,27
3.2,4,P,5,P,Диафрагма,40380,-39940,40420,-39940,1
3.2,5,P,5,O,Радиаторы системы отопления,40420,-39940,40420,-39720,16
3.2,5,O,3,O,Участок теплопровода,40420,-39720,40310,-39720,4743
3.2,2,O,1,O,Диафрагма,40240,-39720,40200,-39720,4
3.2,1,O,0,O,Задвижка,40200,-39720,40110,-39720,8
3.2,3,P,6,P,Задвижка,40310,-39940,40310,-39880,28
3.2,6,P,7,P,Диафрагма,40310,-39880,40310,-39830,3
3.2,7,P,7,O,Теплообменник,40310,-39830,40310,-39780,11
3.2,3,O,2,O,Участок теплопровода,40310,-39720,40240,-39720,14
3.2,7,O,3,O,Участок теплопровода,40310,-39780,40310,-39720,4744
3.2,0,P,,,Манометр,40110,-39940,,,17
3.2,2,P,,,Манометр,40240,-39940,,,17
3.2,5,P,,,Манометр,40420,-39940,,,17
3.2,2,O,,,Манометр,40240,-39720,,,17
3.2,0,O,,,Манометр,40110,-39720,,,17
3.2,0,P,1,P,Расходомер,40110,-39940,40170,-39940,18
3.2,1,O,0,O,Расходомер,40200,-39720,40110,-39720,18
3.2,0,P,,,Термометр,40110,-39940,,,19
3.2,0,O,,,Термометр,40110,-39720,,,19
3.2,100000,P,,,Термометр,0,0,,,22
3.2,100000,P,,,Термометр,0,0,,,23
3.2,7,P,,,Манометр,40310,-39830,,,17
3.2,3,P,6,P,Расходомер,40310,-39940,40310,-39880,18
3.2,100000,P,100000,O,Расходомер,0,0,0,0,26
3.2,3,P,4,P,Расходомер,40310,-39940,40380,-39940,18
3.2,5,O,,,Термометр,40420,-39720,,,19
3.2,7,O,,,Термометр,40310,-39780,,,19
3.2,100000,O,,,Термометр,0,0,,,31
3.2,100000,P,100000,O,Расходомер,0,0,0,0,42
3.3,100000,P,,,Термометр,0,0,,,24
3.3,6,O,3,O,Участок теплопровода,40390,-39720,40330,-39680,4745
3.3,6,P,6,O,Теплообменник,40390,-39810,40390,-39720,11
3.3,8,P,6,P,Диафрагма,40390,-39870,40390,-39810,3
3.3,3,P,8,P,Задвижка,40330,-39910,40390,-39870,28
3.3,0,P,1,P,Задвижка,40110,-39910,40190,-39910,7
3.3,1,P,2,P,Диафрагма,40190,-39910,40250,-39910,5
3.3,2,P,3,P,Участок теплопровода,40250,-39910,40330,-39910,13
3.3,7,P,4,P,Диафрагма,40480,-39910,40480,-39830,1
3.3,4,P,4,O,Радиаторы системы отопления,40480,-39830,40480,-39680,16
3.3,3,O,2,O,Участок теплопровода,40330,-39680,40260,-39680,14
3.3,2,O,1,O,Диафрагма,40260,-39680,40200,-39680,4
3.3,1,O,0,O,Задвижка,40200,-39680,40110,-39680,8
3.3,0,P,,,Манометр,40110,-39910,,,17
3.3,2,P,,,Манометр,40250,-39910,,,17
3.3,4,P,,,Манометр,40480,-39830,,,17
3.3,2,O,,,Манометр,40260,-39680,,,17
3.3,0,O,,,Манометр,40110,-39680,,,17
3.3,0,P,1,P,Расходомер,40110,-39910,40190,-39910,18
3.3,1,O,0,O,Расходомер,40200,-39680,40110,-39680,18
3.3,0,P,,,Термометр,40110,-39910,,,19
3.3,0,O,,,Термометр,40110,-39680,,,19
3.3,100000,P,,,Термометр,0,0,,,22
3.3,100000,P,,,Термометр,0,0,,,23
3.3,3,P,7,P,Задвижка,40330,-39910,40480,-39910,27
3.3,4,O,3,O,Участок теплопровода,40480,-39680,40330,-39680,4746
3.3,3,P,9,P,Задвижка,40330,-39910,40330,-39860,48
3.3,9,P,5,P,Диафрагма,40330,-39860,40330,-39800,2
3.3,5,P,5,O,Калориферная установка,40330,-39800,40330,-39740,9
3.3,5,O,3,O,Участок теплопровода,40330,-39740,40330,-39680,4747
3.3,3,P,7,P,Расходомер,40330,-39910,40480,-39910,18
3.3,3,P,9,P,Расходомер,40330,-39910,40330,-39860,18
3.3,5,P,,,Манометр,40330,-39800,,,17
3.3,5,O,,,Термометр,40330,-39740,,,19
3.3,4,O,,,Термометр,40480,-39680,,,19
3.3,6,P,,,Манометр,40390,-39810,,,17
3.3,3,P,8,P,Расходомер,40330,-39910,40390,-39870,18
3.3,100000,P,100000,O,Расходомер,0,0,0,0,26
3.3,6,O,,,Термометр,40390,-39720,,,19
3.3,100000,O,,,Термометр,0,0,,,31
3.4,0,P,1,P,Задвижка,40420,-39870,40490,-39870,7
3.4,1,P,2,P,Диафрагма,40490,-39870,40550,-39870,5
3.4,2,P,3,P,Участок теплопровода,40550,-39870,40670,-39870,13
3.4,7,P,4,P,Диафрагма,40780,-39870,40860,-39870,1
3.4,4,P,4,O,Радиаторы системы отопления,40860,-39870,40860,-39660,16
3.4,3,O,2,O,Участок теплопровода,40670,-39660,40570,-39660,14
3.4,2,O,1,O,Диафрагма,40570,-39660,40490,-39660,4
3.4,1,O,0,O,Задвижка,40490,-39660,40420,-39660,8
3.4,0,P,,,Манометр,40420,-39870,,,17
3.4,2,P,,,Манометр,40550,-39870,,,17
3.4,4,P,,,Манометр,40860,-39870,,,17
3.4,2,O,,,Манометр,40570,-39660,,,17
3.4,0,O,,,Манометр,40420,-39660,,,17
3.4,0,P,1,P,Расходомер,40420,-39870,40490,-39870,18
3.4,1,O,0,O,Расходомер,40490,-39660,40420,-39660,18
3.4,0,P,,,Термометр,40420,-39870,,,19
3.4,0,O,,,Термометр,40420,-39660,,,19
3.4,100000,P,,,Термометр,0,0,,,22
3.4,100000,P,,,Термометр,0,0,,,23
3.4,3,P,7,P,Задвижка,40670,-39870,40780,-39870,27
3.4,4,O,3,O,Участок теплопровода,40860,-39660,40670,-39660,4748
3.4,3,P,9,P,Задвижка,40670,-39870,40670,-39800,48
3.4,9,P,5,P,Диафрагма,40670,-39800,40670,-39740,2
3.4,5,P,5,O,Калориферная установка,40670,-39740,40670,-39690,9
3.4,5,O,3,O,Участок теплопровода,40670,-39690,40670,-39660,4749
3.4,3,P,7,P,Расходомер,40670,-39870,40780,-39870,18
3.4,3,P,9,P,Расходомер,40670,-39870,40670,-39800,18
3.4,5,P,,,Манометр,40670,-39740,,,17
3.4,5,O,,,Термометр,40670,-39690,,,19
3.4,4,O,,,Термометр,40860,-39660,,,19
3.4,6,P,,,Манометр,40740,-39780,,,17
3.4,3,P,8,P,Расходомер,40670,-39870,40740,-39830,18
3.4,100000,P,100000,O,Расходомер,0,0,0,0,26
3.4,6,O,,,Термометр,40740,-39690,,,19
3.4,100000,O,,,Термометр,0,0,,,31
3.4,100000,P,100000,O,Расходомер,0,0,0,0,42
3.4,6,P,6,O,Теплообменник,40740,-39780,40740,-39690,11
3.4,8,P,6,P,Диафрагма,40740,-39830,40740,-39780,3
3.4,3,P,8,P,Задвижка,40670,-39870,40740,-39830,28
3.4,6,O,3,O,Участок теплопровода,40740,-39690,40670,-39660,4750
3.4,100000,P,,,Термометр,0,0,,,24
3.5,0,P,1,P,Задвижка,40120,-39850,40210,-39850,7
3.5,1,P,2,P,Диафрагма,40210,-39850,40280,-39850,5
3.5,2,P,3,P,Участок теплопровода,40280,-39850,40360,-39850,13
3.5,3,P,4,P,Задвижка,40360,-39850,40490,-39850,27
3.5,4,P,5,P,Диафрагма,40490,-39850,40490,-39800,1
3.5,5,P,5,O,Элеватор,40490,-39800,40490,-39720,15
3.5,5,O,3,O,Участок теплопровода,40490,-39720,40490,-39630,4751
3.5,2,O,1,O,Диафрагма,40280,-39630,40220,-39630,4
3.5,1,O,0,O,Задвижка,40220,-39630,40110,-39630,8
3.5,3,P,6,P,Задвижка,40360,-39850,40360,-39800,28
3.5,6,P,7,P,Диафрагма,40360,-39800,40360,-39750,3
3.5,7,P,7,O,Теплообменник,40360,-39750,40360,-39680,11
3.5,3,O,2,O,Участок теплопровода,40490,-39630,40280,-39630,14
3.5,7,O,3,O,Участок теплопровода,40360,-39680,40490,-39630,4752
3.5,0,P,,,Манометр,40120,-39850,,,17
3.5,2,P,,,Манометр,40280,-39850,,,17
3.5,5,P,,,Манометр,40490,-39800,,,17
3.5,2,O,,,Манометр,40280,-39630,,,17
3.5,0,O,,,Манометр,40110,-39630,,,17
3.5,0,P,1,P,Расходомер,40120,-39850,40210,-39850,18
3.5,1,O,0,O,Расходомер,40220,-39630,40110,-39630,18
3.5,0,P,,,Термометр,40120,-39850,,,19
3.5,0,O,,,Термометр,40110,-39630,,,19
3.5,100000,P,,,Термометр,0,0,,,22
3.5,100000,P,,,Термометр,0,0,,,23
3.5,7,P,,,Манометр,40360,-39750,,,17
3.5,3,P,6,P,Расходомер,40360,-39850,40360,-39800,18
3.5,100000,P,100000,O,Расходомер,0,0,0,0,26
3.5,3,P,4,P,Расходомер,40360,-39850,40490,-39850,18
3.5,5,O,,,Термометр,40490,-39720,,,19
3.5,7,O,,,Термометр,40360,-39680,,,19
3.5,100000,O,,,Термометр,0,0,,,31
3.5,100000,P,,,Термометр,0,0,,,34
3.5,100000,P,100000,O,Расходомер,0,0,0,0,25
3.5,100000,,,,Манометр,,,,,32
3.6,100000,P,100000,O,Расходомер,0,0,0,0,25
3.6,100000,,,,Манометр,,,,,32
3.6,0,P,1,P,Задвижка,40100,-39910,40150,-39910,7
3.6,1,P,2,P,Диафрагма,40150,-39910,40200,-39910,5
3.6,2,P,3,P,Участок теплопровода,40200,-39910,40250,-39910,13
3.6,3,P,4,P,Задвижка,40250,-39910,40350,-39910,27
3.6,4,P,5,P,Диафрагма,40350,-39910,40350,-39810,1
3.6,5,P,5,O,Элеватор,40350,-39810,40350,-39750,15
3.6,5,O,3,O,Участок теплопровода,40350,-39750,40350,-39700,4753
3.6,2,O,1,O,Диафрагма,40350,-39640,40200,-39640,4
3.6,1,O,0,O,Задвижка,40200,-39640,40100,-39640,8
3.6,3,P,6,P,Задвижка,40250,-39910,40250,-39840,28
3.6,6,P,7,P,Диафрагма,40250,-39840,40250,-39780,3
3.6,7,P,7,O,Теплообменник,40250,-39780,40250,-39700,11
3.6,3,O,2,O,Участок теплопровода,40350,-39700,40350,-39640,14
3.6,7,O,3,O,Участок теплопровода,40250,-39700,40350,-39700,4754
3.6,0,P,,,Манометр,40100,-39910,,,17
3.6,2,P,,,Манометр,40200,-39910,,,17
3.6,5,P,,,Манометр,40350,-39810,,,17
3.6,2,O,,,Манометр,40350,-39640,,,17
3.6,0,O,,,Манометр,40100,-39640,,,17
3.6,0,P,1,P,Расходомер,40100,-39910,40150,-39910,18
3.6,1,O,0,O,Расходомер,40200,-39640,40100,-39640,18
3.6,0,P,,,Термометр,40100,-39910,,,19
3.6,0,O,,,Термометр,40100,-39640,,,19
3.6,100000,P,,,Термометр,0,0,,,22
3.6,100000,P,,,Термометр,0,0,,,23
3.6,7,P,,,Манометр,40250,-39780,,,17
3.6,3,P,6,P,Расходомер,40250,-39910,40250,-39840,18
3.6,100000,P,100000,O,Расходомер,0,0,0,0,26
3.6,3,P,4,P,Расходомер,40250,-39910,40350,-39910,18
3.6,5,O,,,Термометр,40350,-39750,,,19
3.6,7,O,,,Термометр,40250,-39700,,,19
3.6,100000,O,,,Термометр,0,0,,,31
3.6,100000,P,,,Термометр,0,0,,,34
3.6,100000,P,100000,O,Расходомер,0,0,0,0,42
3.7,100000,,,,Термометр,40430,-39720,,,24
3.7,6,P,6,O,Теплообменник,40330,-39840,40330,-39750,11
3.7,8,P,6,P,Диафрагма,40330,-39910,40330,-39840,3
3.7,3,P,8,P,Задвижка,40250,-39950,40330,-39910,28
3.7,6,O,3,O,Участок теплопровода,40330,-39750,40250,-39690,4755
3.7,0,P,1,P,Задвижка,40090,-39950,40140,-39950,7
3.7,1,P,2,P,Диафрагма,40140,-39950,40190,-39950,5
3.7,2,P,3,P,Участок теплопровода,40190,-39950,40250,-39950,13
3.7,7,P,4,P,Диафрагма,40450,-39950,40450,-39850,1
3.7,4,P,4,O,Элеватор,40450,-39850,40450,-39690,15
3.7,3,O,2,O,Участок теплопровода,40250,-39690,40190,-39690,14
3.7,2,O,1,O,Диафрагма,40190,-39690,40140,-39690,4
3.7,1,O,0,O,Задвижка,40140,-39690,40090,-39690,8
3.7,0,P,,,Манометр,40090,-39950,,,17
3.7,2,P,,,Манометр,40190,-39950,,,17
3.7,4,P,,,Манометр,40450,-39850,,,17
3.7,2,O,,,Манометр,40190,-39690,,,17
3.7,0,O,,,Манометр,40090,-39690,,,17
3.7,0,P,1,P,Расходомер,40090,-39950,40140,-39950,18
3.7,1,O,0,O,Расходомер,40140,-39690,40090,-39690,18
3.7,0,P,,,Термометр,40090,-39950,,,19
3.7,0,O,,,Термометр,40090,-39690,,,19
3.7,100000,P,,,Термометр,0,0,,,22
3.7,100000,P,,,Термометр,0,0,,,23
3.7,3,P,7,P,Задвижка,40250,-39950,40450,-39950,27
3.7,4,O,3,O,Участок теплопровода,40450,-39690,40250,-39690,4756
3.7,3,P,9,P,Задвижка,40250,-39950,40250,-39880,48
3.7,9,P,5,P,Диафрагма,40250,-39880,40250,-39810,2
3.7,5,P,5,O,Калориферная установка,40250,-39810,40250,-39750,9
3.7,5,O,3,O,Участок теплопровода,40250,-39750,40250,-39690,4757
3.7,3,P,7,P,Расходомер,40250,-39950,40450,-39950,18
3.7,3,P,9,P,Расходомер,40250,-39950,40250,-39880,18
3.7,5,P,,,Манометр,40250,-39810,,,17
3.7,5,O,,,Термометр,40250,-39750,,,19
3.7,4,O,,,Термометр,40450,-39690,,,19
3.7,6,P,,,Манометр,40330,-39840,,,17
3.7,3,P,8,P,Расходомер,40250,-39950,40330,-39910,18
3.7,100000,P,100000,O,Расходомер,0,0,0,0,26
3.7,6,O,,,Термометр,40330,-39750,,,19
3.7,100000,O,,,Термометр,0,0,,,31
3.7,100000,P,100000,O,Расходомер,0,0,0,0,25
3.7,100000,,,,Манометр,,,,,32
3.7,100000,P,,,Термометр,0,0,,,34
3.8,0,P,1,P,Задвижка,40110,-39870,40200,-39870,7
3.8,1,P,2,P,Диафрагма,40200,-39870,40280,-39870,5
3.8,2,P,3,P,Участок теплопровода,40280,-39870,40360,-39870,13
3.8,7,P,4,P,Диафрагма,40530,-39870,40530,-39780,1
3.8,4,P,4,O,Элеватор,40530,-39780,40530,-39550,15
3.8,3,O,2,O,Участок теплопровода,40360,-39550,40300,-39550,14
3.8,2,O,1,O,Диафрагма,40300,-39550,40200,-39550,4
3.8,1,O,0,O,Задвижка,40200,-39550,40110,-39550,8
3.8,0,P,,,Манометр,40110,-39870,,,17
3.8,2,P,,,Манометр,40280,-39870,,,17
3.8,4,P,,,Манометр,40530,-39780,,,17
3.8,2,O,,,Манометр,40300,-39550,,,17
3.8,0,O,,,Манометр,40110,-39550,,,17
3.8,0,P,1,P,Расходомер,40110,-39870,40200,-39870,18
3.8,1,O,0,O,Расходомер,40200,-39550,40110,-39550,18
3.8,0,P,,,Термометр,40110,-39870,,,19
3.8,0,O,,,Термометр,40110,-39550,,,19
3.8,100000,P,,,Термометр,0,0,,,22
3.8,100000,P,,,Термометр,0,0,,,23
3.8,3,P,7,P,Задвижка,40360,-39870,40530,-39870,27
3.8,4,O,3,O,Участок теплопровода,40530,-39550,40360,-39550,4758
3.8,3,P,9,P,Задвижка,40360,-39870,40360,-39810,48
3.8,9,P,5,P,Диафрагма,40360,-39810,40360,-39740,2
3.8,5,P,5,O,Калориферная установка,40360,-39740,40360,-39620,9
3.8,5,O,3,O,Участок теплопровода,40360,-39620,40360,-39550,4759
3.8,3,P,7,P,Расходомер,40360,-39870,40530,-39870,18
3.8,3,P,9,P,Расходомер,40360,-39870,40360,-39810,18
3.8,5,P,,,Манометр,40360,-39740,,,17
3.8,5,O,,,Термометр,40360,-39620,,,19
3.8,4,O,,,Термометр,40530,-39550,,,19
3.8,6,P,,,Манометр,40430,-39740,,,17
3.8,3,P,8,P,Расходомер,40360,-39870,40430,-39810,18
3.8,100000,P,100000,O,Расходомер,0,0,0,0,26
3.8,6,O,,,Термометр,40430,-39620,,,19
3.8,100000,O,,,Термометр,0,0,,,31
3.8,100000,P,100000,O,Расходомер,0,0,0,0,25
3.8,100000,,,,Манометр,,,,,32
3.8,100000,P,,,Термометр,0,0,,,34
3.8,100000,P,100000,O,Расходомер,0,0,0,0,42
3.8,6,P,6,O,Теплообменник,40430,-39740,40430,-39620,11
3.8,8,P,6,P,Диафрагма,40430,-39810,40430,-39740,3
3.8,3,P,8,P,Задвижка,40360,-39870,40430,-39810,28
3.8,6,O,3,O,Участок теплопровода,40430,-39620,40360,-39550,4760
3.8,100000,P,,,Термометр,0,0,,,24
3.9,100000,P,100000,O,Расходомер,0,0,0,0,20
3.9,0,P,1,P,Задвижка,40100,-39860,40170,-39860,7
3.9,1,P,2,P,Диафрагма,40170,-39860,40240,-39860,5
3.9,2,P,3,P,Участок теплопровода,40240,-39860,40300,-39860,13
3.9,3,P,4,P,Задвижка,40300,-39860,40370,-39860,27
3.9,4,P,5,P,Диафрагма,40370,-39860,40450,-39860,1
3.9,5,P,5,O,Теплообменник,40450,-39860,40450,-39770,12
3.9,5,O,3,O,Участок теплопровода,40450,-39770,40450,-39670,4761
3.9,2,O,1,O,Диафрагма,40450,-39610,40240,-39610,4
3.9,1,O,0,O,Задвижка,40240,-39610,40100,-39610,8
3.9,3,P,6,P,Задвижка,40300,-39860,40300,-39800,28
3.9,6,P,7,P,Диафрагма,40300,-39800,40300,-39730,3
3.9,7,P,7,O,Теплообменник,40300,-39730,40300,-39670,11
3.9,3,O,2,O,Участок теплопровода,40450,-39670,40450,-39610,14
3.9,7,O,3,O,Участок теплопровода,40300,-39670,40450,-39670,4762
3.9,0,P,,,Манометр,40100,-39860,,,17
3.9,2,P,,,Манометр,40240,-39860,,,17
3.9,5,P,,,Манометр,40450,-39860,,,17
3.9,2,O,,,Манометр,40450,-39610,,,17
3.9,0,O,,,Манометр,40100,-39610,,,17
3.9,0,P,1,P,Расходомер,40100,-39860,40170,-39860,18
3.9,1,O,0,O,Расходомер,40240,-39610,40100,-39610,18
3.9,0,P,,,Термометр,40100,-39860,,,19
3.9,0,O,,,Термометр,40100,-39610,,,19
3.9,100000,P,,,Термометр,0,0,,,22
3.9,100000,P,,,Термометр,0,0,,,23
3.9,7,P,,,Манометр,40300,-39730,,,17
3.9,3,P,6,P,Расходомер,40300,-39860,40300,-39800,18
3.9,100000,P,100000,O,Расходомер,0,0,0,0,26
3.9,3,P,4,P,Расходомер,40300,-39860,40370,-39860,18
3.9,5,O,,,Термометр,40450,-39770,,,19
3.9,7,O,,,Термометр,40300,-39670,,,19
3.9,100000,O,,,Термометр,0,0,,,31
3.9,100000,P,,,Термометр,0,0,,,35
3.9,100000,P,100000,O,Расходомер,0,0,0,0,21
3.9,100000,,,,Термометр,,,,,29
3.9,100000,,,,Термометр,,,,,30
4.1,5,O,,,Термометр,40380,-39830,,,19
4.1,0,P,1,P,Задвижка,40140,-39900,40200,-39900,7
4.1,1,P,2,P,Диафрагма,40200,-39900,40250,-39900,5
4.1,2,P,3,P,Участок теплопровода,40250,-39900,40300,-39900,13
4.1,3,P,4,P,Задвижка,40300,-39900,40330,-39900,27
4.1,4,P,5,P,Диафрагма,40330,-39900,40380,-39900,1
4.1,5,P,5,O,Радиаторы системы отопления,40380,-39900,40380,-39830,16
4.1,5,O,8,O,Участок теплопровода,40380,-39830,40330,-39830,4763
4.1,3,P,6,P,Задвижка,40300,-39900,40300,-39960,28
4.1,6,P,7,P,Диафрагма,40300,-39960,40460,-39960,3
4.1,7,P,7,O,Теплообменник,40460,-39960,40460,-39750,11
4.1,7,O,8,O,Участок теплопровода,40460,-39750,40330,-39830,4764
4.1,8,O,3,O,Теплообменник,40330,-39830,40260,-39830,10
4.1,3,O,2,O,Участок теплопровода,40260,-39830,40220,-39830,14
4.1,2,O,1,O,Диафрагма,40220,-39830,40190,-39830,4
4.1,1,O,0,O,Задвижка,40190,-39830,40140,-39830,8
4.1,0,P,,,Манометр,40140,-39900,,,17
4.1,0,O,,,Манометр,40140,-39830,,,17
4.1,0,P,,,Термометр,40140,-39900,,,19
4.1,0,O,,,Термометр,40140,-39830,,,19
4.1,2,P,,,Манометр,40250,-39900,,,17
4.1,7,P,,,Манометр,40460,-39960,,,17
4.1,2,O,,,Манометр,40220,-39830,,,17
4.1,0,P,1,P,Расходомер,40140,-39900,40200,-39900,18
4.1,3,P,6,P,Расходомер,40300,-39900,40300,-39960,18
4.1,3,P,4,P,Расходомер,40300,-39900,40330,-39900,18
4.1,7,O,,,Термометр,40460,-39750,,,19
4.1,8,O,,,Термометр,40330,-39830,,,19
4.1,100000,P,100000,O,Расходомер,0,0,0,0,26
4.1,100000,O,,,Термометр,0,0,,,31
4.1,100000,O,,,Термометр,0,0,,,33
4.1,5,P,,,Манометр,40380,-39900,,,17
4.1,100000,P,,,Термометр,0,0,,,22
4.1,100000,P,,,Термометр,0,0,,,23
4.10,0,P,1,P,Задвижка,40110,-39870,40180,-39870,7
4.10,1,P,2,P,Диафрагма,40180,-39870,40240,-39870,5
4.10,2,P,3,P,Участок теплопровода,40240,-39870,40320,-39870,13
4.10,3,P,4,P,Задвижка,40320,-39870,40410,-39870,27
4.10,4,P,5,P,Диафрагма,40410,-39870,40480,-39870,1
4.10,5,P,5,O,Теплообменник,40480,-39870,40480,-39740,12
4.10,5,O,8,O,Участок теплопровода,40480,-39740,40480,-39680,4765
4.10,3,P,6,P,Задвижка,40320,-39870,40320,-39790,28
4.10,6,P,7,P,Диафрагма,40320,-39790,40320,-39740,3
4.10,7,P,7,O,Теплообменник,40320,-39740,40320,-39680,11
4.10,7,O,8,O,Участок теплопровода,40320,-39680,40480,-39680,4766
4.10,8,O,3,O,Теплообменник,40480,-39680,40480,-39610,10
4.10,3,O,2,O,Участок теплопровода,40480,-39610,40320,-39610,14
4.10,2,O,1,O,Диафрагма,40320,-39610,40240,-39610,4
4.10,1,O,0,O,Задвижка,40240,-39610,40100,-39610,8
4.10,0,P,,,Манометр,40110,-39870,,,17
4.10,0,O,,,Манометр,40100,-39610,,,17
4.10,0,P,,,Термометр,40110,-39870,,,19
4.10,0,O,,,Термометр,40100,-39610,,,19
4.10,2,P,,,Манометр,40240,-39870,,,17
4.10,7,P,,,Манометр,40320,-39740,,,17
4.10,2,O,,,Манометр,40320,-39610,,,17
4.10,0,P,1,P,Расходомер,40110,-39870,40180,-39870,18
4.10,3,P,6,P,Расходомер,40320,-39870,40320,-39790,18
4.10,3,P,4,P,Расходомер,40320,-39870,40410,-39870,18
4.10,5,O,,,Термометр,40480,-39740,,,19
4.10,7,O,,,Термометр,40320,-39680,,,19
4.10,8,O,,,Термометр,40480,-39680,,,19
4.10,100000,P,100000,O,Расходомер,0,0,0,0,26
4.10,100000,O,,,Термометр,0,0,,,31
4.10,100000,O,,,Термометр,0,0,,,33
4.10,5,O,,,Манометр,40480,-39740,,,17
4.10,5,O,,,Термометр,40480,-39740,,,19
4.10,100000,P,,,Термометр,0,0,,,22
4.10,100000,P,,,Термометр,0,0,,,23
4.10,100000,,,,Термометр,,,,,29
4.10,100000,,,,Термометр,,,,,30
4.10,100000,,,,Термометр,,,,,35
4.10,100000,P,100000,O,Расходомер,0,0,0,0,20
4.10,100000,P,100000,O,Расходомер,0,0,0,0,21
4.10,100000,P,100000,O,Расходомер,0,0,0,0,42
4.11,0,P,1,P,Задвижка,40050,-39920,40110,-39920,7
4.11,1,P,2,P,Диафрагма,40110,-39920,40160,-39920,5
4.11,2,P,3,P,Участок теплопровода,40160,-39920,40260,-39920,13
4.11,3,P,8,P,Задвижка,40260,-39920,40320,-39880,27
4.11,8,P,4,P,Диафрагма,40320,-39880,40320,-39840,1
4.11,4,P,4,O,Теплообменник,40320,-39840,40320,-39750,12
4.11,4,O,3,O,Участок теплопровода,40320,-39750,40260,-39700,4767
4.11,3,P,7,P,Задвижка,40260,-39920,40260,-39870,28
4.11,7,P,6,P,Диафрагма,40260,-39870,40260,-39830,3
4.11,6,P,6,O,Теплообменник,40260,-39830,40260,-39750,11
4.11,6,O,3,O,Участок теплопровода,40260,-39750,40260,-39700,4768
4.11,3,O,11,O,Теплообменник,40260,-39700,40230,-39700,10
4.11,11,O,2,O,Участок теплопровода,40230,-39700,40170,-39700,14
4.11,2,O,1,O,Диафрагма,40170,-39700,40110,-39700,4
4.11,1,O,0,O,Задвижка,40110,-39700,40050,-39700,8
4.11,0,P,,,Манометр,40050,-39920,,,17
4.11,0,O,,,Манометр,40050,-39700,,,17
4.11,0,P,,,Термометр,40050,-39920,,,19
4.11,0,O,,,Термометр,40050,-39700,,,19
4.11,2,P,,,Манометр,40160,-39920,,,17
4.11,6,P,,,Манометр,40260,-39830,,,17
4.11,2,O,,,Манометр,40170,-39700,,,17
4.11,0,P,1,P,Расходомер,40050,-39920,40110,-39920,18
4.11,3,P,7,P,Расходомер,40260,-39920,40260,-39870,18
4.11,3,P,8,P,Расходомер,40260,-39920,40320,-39880,18
4.11,6,O,,,Термометр,40260,-39750,,,19
4.11,3,O,,,Термометр,40260,-39700,,,19
4.11,100000,P,100000,O,Расходомер,0,0,0,0,26
4.11,100000,O,,,Термометр,0,0,,,31
4.11,100000,O,,,Термометр,0,0,,,33
4.11,4,P,,,Манометр,40320,-39840,,,17
4.11,4,O,,,Термометр,40320,-39750,,,19
4.11,100000,P,,,Термометр,0,0,,,22
4.11,100000,P,,,Термометр,0,0,,,23
4.11,3,P,9,P,Расходомер,40260,-39920,40200,-39880,18
4.11,5,P,,,Манометр,40200,-39840,,,17
4.11,5,O,,,Термометр,40200,-39750,,,19
4.11,3,P,9,P,Задвижка,40260,-39920,40200,-39880,48
4.11,9,P,5,P,Диафрагма,40200,-39880,40200,-39840,2
4.11,5,P,5,O,Калориферная установка,40200,-39840,40200,-39750,9
4.11,5,O,3,O,Участок теплопровода,40200,-39750,40260,-39700,4769
4.11,100000,P,100000,O,Расходомер,0,0,0,0,21
4.11,100000,,,,Термометр,,,,,29
4.11,100000,,,,Термометр,,,,,30
4.11,100000,P,100000,O,Расходомер,0,0,0,0,20
4.11,100000,,,,Термометр,,,,,35
4.11,100000,P,,,Термометр,0,0,,,24
4.12,100000,,,,Термометр,40430,-39720,,,24
4.12,1,O,0,O,Расходомер,40150,-39590,40100,-39590,18
4.12,0,P,1,P,Задвижка,40100,-39850,40190,-39850,7
4.12,1,P,2,P,Диафрагма,40190,-39850,40270,-39850,5
4.12,2,P,3,P,Участок теплопровода,40270,-39850,40350,-39850,13
4.12,3,P,8,P,Задвижка,40350,-39850,40530,-39850,27
4.12,8,P,4,P,Диафрагма,40530,-39850,40530,-39740,1
4.12,4,P,4,O,Теплообменник,40530,-39740,40530,-39590,12
4.12,4,O,3,O,Участок теплопровода,40530,-39590,40390,-39590,4770
4.12,3,P,7,P,Задвижка,40350,-39850,40440,-39810,28
4.12,7,P,6,P,Диафрагма,40440,-39810,40440,-39760,3
4.12,6,P,6,O,Теплообменник,40440,-39760,40440,-39650,11
4.12,6,O,3,O,Участок теплопровода,40440,-39650,40390,-39590,4771
4.12,3,O,11,O,Теплообменник,40390,-39590,40280,-39590,10
4.12,11,O,2,O,Участок теплопровода,40280,-39590,40210,-39590,14
4.12,2,O,1,O,Диафрагма,40210,-39590,40150,-39590,4
4.12,1,O,0,O,Задвижка,40150,-39590,40100,-39590,8
4.12,0,P,,,Манометр,40100,-39850,,,17
4.12,0,O,,,Манометр,40100,-39590,,,17
4.12,0,P,,,Термометр,40100,-39850,,,19
4.12,0,O,,,Термометр,40100,-39590,,,19
4.12,2,P,,,Манометр,40270,-39850,,,17
4.12,6,P,,,Манометр,40440,-39760,,,17
4.12,2,O,,,Манометр,40210,-39590,,,17
4.12,0,P,1,P,Расходомер,40100,-39850,40190,-39850,18
4.12,3,P,7,P,Расходомер,40350,-39850,40440,-39810,18
4.12,3,P,8,P,Расходомер,40350,-39850,40530,-39850,18
4.12,6,O,,,Термометр,40440,-39650,,,19
4.12,3,O,,,Термометр,40390,-39590,,,19
4.12,100000,P,100000,O,Расходомер,0,0,0,0,26
4.12,100000,O,,,Термометр,0,0,,,31
4.12,100000,O,,,Термометр,0,0,,,33
4.12,4,P,,,Манометр,40530,-39740,,,17
4.12,4,O,,,Термометр,40530,-39590,,,19
4.12,100000,P,,,Термометр,0,0,,,22
4.12,100000,P,,,Термометр,0,0,,,23
4.12,3,P,9,P,Расходомер,40350,-39850,40350,-39790,18
4.12,5,P,,,Манометр,40350,-39740,,,17
4.12,5,O,,,Термометр,40350,-39650,,,19
4.12,3,P,9,P,Задвижка,40350,-39850,40350,-39790,48
4.12,9,P,5,P,Диафрагма,40350,-39790,40350,-39740,2
4.12,5,P,5,O,Калориферная установка,40350,-39740,40350,-39650,9
4.12,5,O,3,O,Участок теплопровода,40350,-39650,40390,-39590,4772
4.12,100000,P,100000,O,Расходомер,0,0,0,0,21
4.12,100000,,,,Термометр,,,,,29
4.12,100000,,,,Термометр,,,,,30
4.12,100000,P,100000,O,Расходомер,0,0,0,0,20
4.12,100000,,,,Термометр,,,,,35
4.12,100000,P,100000,O,Расходомер,0,0,0,0,42
4.12,6,O,,,Термометр,40440,-39650,,,19
4.2,0,P,1,P,Задвижка,40150,-39890,40200,-39890,7
4.2,1,P,2,P,Диафрагма,40200,-39890,40260,-39890,5
4.2,2,P,3,P,Участок теплопровода,40260,-39890,40320,-39890,13
4.2,3,P,4,P,Задвижка,40320,-39890,40380,-39890,27
4.2,4,P,5,P,Диафрагма,40380,-39890,40440,-39890,1
4.2,5,P,5,O,Радиаторы системы отопления,40440,-39890,40440,-39780,16
4.2,5,O,8,O,Участок теплопровода,40440,-39780,40440,-39720,4773
4.2,3,P,6,P,Задвижка,40320,-39890,40320,-39950,28
4.2,6,P,7,P,Диафрагма,40320,-39950,40520,-39950,3
4.2,7,P,7,O,Теплообменник,40520,-39950,40520,-39720,11
4.2,7,O,8,O,Участок теплопровода,40520,-39720,40440,-39720,4774
4.2,8,O,3,O,Теплообменник,40440,-39720,40350,-39720,10
4.2,3,O,2,O,Участок теплопровода,40350,-39720,40280,-39720,14
4.2,2,O,1,O,Диафрагма,40280,-39720,40230,-39720,4
4.2,1,O,0,O,Задвижка,40230,-39720,40150,-39720,8
4.2,0,P,,,Манометр,40150,-39890,,,17
4.2,0,O,,,Манометр,40150,-39720,,,17
4.2,0,P,,,Термометр,40150,-39890,,,19
4.2,0,O,,,Термометр,40150,-39720,,,19
4.2,2,P,,,Манометр,40260,-39890,,,17
4.2,7,P,,,Манометр,40520,-39950,,,17
4.2,2,O,,,Манометр,40280,-39720,,,17
4.2,0,P,1,P,Расходомер,40150,-39890,40200,-39890,18
4.2,3,P,6,P,Расходомер,40320,-39890,40320,-39950,18
4.2,3,P,4,P,Расходомер,40320,-39890,40380,-39890,18
4.2,5,O,,,Термометр,40440,-39780,,,19
4.2,7,O,,,Термометр,40520,-39720,,,19
4.2,8,O,,,Термометр,40440,-39720,,,19
4.2,100000,P,100000,O,Расходомер,0,0,0,0,26
4.2,100000,O,,,Термометр,0,0,,,31
4.2,100000,O,,,Термометр,0,0,,,33
4.2,5,O,,,Манометр,40440,-39780,,,17
4.2,5,O,,,Термометр,40440,-39780,,,19
4.2,100000,P,,,Термометр,0,0,,,22
4.2,100000,P,,,Термометр,0,0,,,23
4.2,100000,P,100000,O,Расходомер,0,0,0,0,42
4.3,0,P,1,P,Задвижка,40030,-39930,40120,-39930,7
4.3,1,P,2,P,Диафрагма,40120,-39930,40210,-39930,5
4.3,2,P,3,P,Участок теплопровода,40210,-39930,40270,-39930,13
4.3,3,P,8,P,Задвижка,40270,-39930,40190,-39850,27
4.3,8,P,4,P,Диафрагма,40190,-39850,40190,-39780,1
4.3,4,P,4,O,Радиаторы системы отопления,40190,-39780,40190,-39700,16
4.3,4,O,3,O,Участок теплопровода,40190,-39700,40270,-39700,4775
4.3,3,P,7,P,Задвижка,40270,-39930,40390,-39930,28
4.3,7,P,6,P,Диафрагма,40390,-39930,40390,-39840,3
4.3,6,P,6,O,Теплообменник,40390,-39840,40390,-39700,11
4.3,6,O,3,O,Участок теплопровода,40390,-39700,40270,-39700,4776
4.3,3,O,11,O,Теплообменник,40270,-39700,40270,-39640,10
4.3,11,O,2,O,Участок теплопровода,40270,-39640,40210,-39640,14
4.3,2,O,1,O,Диафрагма,40210,-39640,40140,-39640,4
4.3,1,O,0,O,Задвижка,40140,-39640,40030,-39640,8
4.3,0,P,,,Манометр,40030,-39930,,,17
4.3,0,O,,,Манометр,40030,-39640,,,17
4.3,0,P,,,Термометр,40030,-39930,,,19
4.3,0,O,,,Термометр,40030,-39640,,,19
4.3,2,P,,,Манометр,40210,-39930,,,17
4.3,6,P,,,Манометр,40390,-39840,,,17
4.3,2,O,,,Манометр,40210,-39640,,,17
4.3,0,P,1,P,Расходомер,40030,-39930,40120,-39930,18
4.3,3,P,7,P,Расходомер,40270,-39930,40390,-39930,18
4.3,3,P,8,P,Расходомер,40270,-39930,40190,-39850,18
4.3,6,O,,,Термометр,40390,-39700,,,19
4.3,3,O,,,Термометр,40270,-39700,,,19
4.3,100000,P,100000,O,Расходомер,0,0,0,0,26
4.3,100000,O,,,Термометр,0,0,,,31
4.3,100000,O,,,Термометр,0,0,,,33
4.3,4,P,,,Манометр,40190,-39780,,,17
4.3,4,O,,,Термометр,40190,-39700,,,19
4.3,100000,P,,,Термометр,0,0,,,22
4.3,100000,P,,,Термометр,0,0,,,23
4.3,3,P,9,P,Расходомер,40270,-39930,40270,-39860,18
4.3,5,P,,,Манометр,40270,-39800,,,17
4.3,5,O,,,Термометр,40270,-39730,,,19
4.3,3,P,9,P,Задвижка,40270,-39930,40270,-39860,48
4.3,9,P,5,P,Диафрагма,40270,-39860,40270,-39800,2
4.3,5,P,5,O,Калориферная установка,40270,-39800,40270,-39730,9
4.3,5,O,3,O,Участок теплопровода,40270,-39730,40270,-39700,4777
4.3,100000,P,,,Термометр,40430,-39720,,,24
4.4,100000,P,,,Термометр,0,0,,,24
4.4,0,P,1,P,Задвижка,40050,-39920,40100,-39920,7
4.4,1,P,2,P,Диафрагма,40100,-39920,40150,-39920,5
4.4,2,P,3,P,Участок теплопровода,40150,-39920,40260,-39920,13
4.4,3,P,8,P,Задвижка,40260,-39920,40340,-39880,27
4.4,8,P,4,P,Диафрагма,40340,-39880,40340,-39840,1
4.4,4,P,4,O,Радиаторы системы отопления,40340,-39840,40340,-39740,16
4.4,4,O,3,O,Участок теплопровода,40340,-39740,40260,-39690,4778
4.4,3,P,7,P,Задвижка,40260,-39920,40260,-39870,28
4.4,7,P,6,P,Диафрагма,40260,-39870,40260,-39830,3
4.4,6,P,6,O,Теплообменник,40260,-39830,40260,-39750,11
4.4,6,O,3,O,Участок теплопровода,40260,-39750,40260,-39690,4779
4.4,3,O,11,O,Теплообменник,40260,-39690,40200,-39690,10
4.4,11,O,2,O,Участок теплопровода,40200,-39690,40150,-39690,14
4.4,2,O,1,O,Диафрагма,40150,-39690,40100,-39690,4
4.4,1,O,0,O,Задвижка,40100,-39690,40050,-39690,8
4.4,0,P,,,Манометр,40050,-39920,,,17
4.4,0,O,,,Манометр,40050,-39690,,,17
4.4,0,P,,,Термометр,40050,-39920,,,19
4.4,0,O,,,Термометр,40050,-39690,,,19
4.4,2,P,,,Манометр,40150,-39920,,,17
4.4,6,P,,,Манометр,40260,-39830,,,17
4.4,2,O,,,Манометр,40150,-39690,,,17
4.4,0,P,1,P,Расходомер,40050,-39920,40100,-39920,18
4.4,3,P,7,P,Расходомер,40260,-39920,40260,-39870,18
4.4,3,P,8,P,Расходомер,40260,-39920,40340,-39880,18
4.4,6,O,,,Термометр,40260,-39750,,,19
4.4,3,O,,,Термометр,40260,-39690,,,19
4.4,100000,P,100000,O,Расходомер,0,0,0,0,26
4.4,100000,O,,,Термометр,0,0,,,31
4.4,100000,O,,,Термометр,0,0,,,33
4.4,4,P,,,Манометр,40340,-39840,,,17
4.4,4,O,,,Термометр,40340,-39740,,,19
4.4,100000,P,,,Термометр,0,0,,,22
4.4,100000,P,,,Термометр,0,0,,,23
4.4,3,P,9,P,Расходомер,40260,-39920,40190,-39870,18
4.4,5,P,,,Манометр,40190,-39830,,,17
4.4,5,O,,,Термометр,40190,-39750,,,19
4.4,3,P,9,P,Задвижка,40260,-39920,40190,-39870,48
4.4,9,P,5,P,Диафрагма,40190,-39870,40190,-39830,2
4.4,5,P,5,O,Калориферная установка,40190,-39830,40190,-39750,9
4.4,5,O,3,O,Участок теплопровода,40190,-39750,40260,-39690,4780
4.5,100000,,,,Манометр,,,,,32
4.5,100000,P,100000,O,Расходомер,0,0,0,0,25
4.5,100000,,,,Термометр,,,,,34
4.5,100000,P,,,Термометр,0,0,,,22
4.5,100000,P,,,Термометр,0,0,,,23
4.5,0,P,1,P,Задвижка,40120,-39910,40190,-39910,7
4.5,1,P,2,P,Диафрагма,40190,-39910,40240,-39910,5
4.5,2,P,3,P,Участок теплопровода,40240,-39910,40300,-39910,13
4.5,3,P,4,P,Задвижка,40300,-39910,40380,-39910,27
4.5,4,P,5,P,Диафрагма,40380,-39910,40440,-39910,1
4.5,5,P,5,O,Элеватор,40440,-39910,40440,-39760,15
4.5,5,O,8,O,Участок теплопровода,40440,-39760,40440,-39610,4781
4.5,3,P,6,P,Задвижка,40300,-39910,40300,-39830,28
4.5,6,P,7,P,Диафрагма,40300,-39830,40300,-39770,3
4.5,7,P,7,O,Теплообменник,40300,-39770,40300,-39690,11
4.5,7,O,8,O,Участок теплопровода,40300,-39690,40440,-39610,4782
4.5,8,O,3,O,Теплообменник,40440,-39610,40320,-39610,10
4.5,3,O,2,O,Участок теплопровода,40320,-39610,40240,-39610,14
4.5,2,O,1,O,Диафрагма,40240,-39610,40190,-39610,4
4.5,1,O,0,O,Задвижка,40190,-39610,40120,-39610,8
4.5,0,P,,,Манометр,40120,-39910,,,17
4.5,0,O,,,Манометр,40120,-39610,,,17
4.5,0,P,,,Термометр,40120,-39910,,,19
4.5,0,O,,,Термометр,40120,-39610,,,19
4.5,2,P,,,Манометр,40240,-39910,,,17
4.5,7,P,,,Манометр,40300,-39770,,,17
4.5,2,O,,,Манометр,40240,-39610,,,17
4.5,0,P,1,P,Расходомер,40120,-39910,40190,-39910,18
4.5,3,P,6,P,Расходомер,40300,-39910,40300,-39830,18
4.5,3,P,4,P,Расходомер,40300,-39910,40380,-39910,18
4.5,5,O,,,Термометр,40440,-39760,,,19
4.5,7,O,,,Термометр,40300,-39690,,,19
4.5,8,O,,,Термометр,40440,-39610,,,19
4.5,100000,P,100000,O,Расходомер,0,0,0,0,26
4.5,100000,O,,,Термометр,0,0,,,31
4.5,100000,O,,,Термометр,0,0,,,33
4.5,5,O,,,Манометр,40440,-39760,,,17
4.5,5,O,,,Термометр,40440,-39760,,,19
4.5,3,P,,,Манометр,40300,-39910,,,17
4.5,1,O,0,O,Расходомер,40190,-39610,40120,-39610,18
4.6,0,P,1,P,Задвижка,40090,-39880,40170,-39880,7
4.6,1,P,2,P,Диафрагма,40170,-39880,40240,-39880,5
4.6,2,P,3,P,Участок теплопровода,40240,-39880,40310,-39880,13
4.6,3,P,4,P,Задвижка,40310,-39880,40380,-39880,27
4.6,4,P,5,P,Диафрагма,40380,-39880,40450,-39880,1
4.6,5,P,5,O,Элеватор,40450,-39880,40450,-39690,15
4.6,5,O,8,O,Участок теплопровода,40450,-39690,40450,-39640,4783
4.6,3,P,6,P,Задвижка,40310,-39880,40310,-39810,28
4.6,6,P,7,P,Диафрагма,40310,-39810,40310,-39750,3
4.6,7,P,7,O,Теплообменник,40310,-39750,40310,-39690,11
4.6,7,O,8,O,Участок теплопровода,40310,-39690,40450,-39640,4784
4.6,8,O,3,O,Теплообменник,40450,-39640,40310,-39640,10
4.6,3,O,2,O,Участок теплопровода,40310,-39640,40240,-39640,14
4.6,2,O,1,O,Диафрагма,40240,-39640,40170,-39640,4
4.6,1,O,0,O,Задвижка,40170,-39640,40090,-39640,8
4.6,0,P,,,Манометр,40090,-39880,,,17
4.6,0,O,,,Манометр,40090,-39640,,,17
4.6,0,P,,,Термометр,40090,-39880,,,19
4.6,0,O,,,Термометр,40090,-39640,,,19
4.6,2,P,,,Манометр,40240,-39880,,,17
4.6,7,P,,,Манометр,40310,-39750,,,17
4.6,2,O,,,Манометр,40240,-39640,,,17
4.6,0,P,1,P,Расходомер,40090,-39880,40170,-39880,18
4.6,3,P,6,P,Расходомер,40310,-39880,40310,-39810,18
4.6,3,P,4,P,Расходомер,40310,-39880,40380,-39880,18
4.6,5,O,,,Термометр,40450,-39690,,,19
4.6,7,O,,,Термометр,40310,-39690,,,19
4.6,8,O,,,Термометр,40450,-39640,,,19
4.6,100000,P,100000,O,Расходомер,0,0,0,0,26
4.6,100000,O,,,Термометр,0,0,,,31
4.6,100000,O,,,Термометр,0,0,,,33
4.6,5,O,,,Манометр,40450,-39690,,,17
4.6,5,O,,,Термометр,40450,-39690,,,19
4.6,100000,,,,Манометр,,,,,32
4.6,100000,P,100000,O,Расходомер,0,0,0,0,25
4.6,100000,P,,,Термометр,0,0,,,22
4.6,100000,P,,,Термометр,0,0,,,23
4.6,100000,P,100000,O,Расходомер,0,0,0,0,42
4.7,0,P,1,P,Задвижка,40050,-39930,40110,-39930,7
4.7,1,P,2,P,Диафрагма,40110,-39930,40200,-39930,5
4.7,2,P,3,P,Участок теплопровода,40200,-39930,40270,-39930,13
4.7,3,P,8,P,Задвижка,40270,-39930,40330,-39880,27
4.7,8,P,4,P,Диафрагма,40330,-39880,40330,-39830,1
4.7,4,P,4,O,Элеватор,40330,-39830,40330,-39740,15
4.7,4,O,3,O,Участок теплопровода,40330,-39740,40270,-39680,4785
4.7,3,P,7,P,Задвижка,40270,-39930,40270,-39870,28
4.7,7,P,6,P,Диафрагма,40270,-39870,40270,-39820,3
4.7,6,P,6,O,Теплообменник,40270,-39820,40270,-39740,11
4.7,6,O,3,O,Участок теплопровода,40270,-39740,40270,-39680,4786
4.7,3,O,11,O,Теплообменник,40270,-39680,40200,-39680,10
4.7,11,O,2,O,Участок теплопровода,40200,-39680,40150,-39680,14
4.7,2,O,1,O,Диафрагма,40150,-39680,40110,-39680,4
4.7,1,O,0,O,Задвижка,40110,-39680,40060,-39680,8
4.7,0,P,,,Манометр,40050,-39930,,,17
4.7,0,O,,,Манометр,40060,-39680,,,17
4.7,0,P,,,Термометр,40050,-39930,,,19
4.7,0,O,,,Термометр,40060,-39680,,,19
4.7,2,P,,,Манометр,40200,-39930,,,17
4.7,6,P,,,Манометр,40270,-39820,,,17
4.7,2,O,,,Манометр,40150,-39680,,,17
4.7,0,P,1,P,Расходомер,40050,-39930,40110,-39930,18
4.7,3,P,7,P,Расходомер,40270,-39930,40270,-39870,18
4.7,3,P,8,P,Расходомер,40270,-39930,40330,-39880,18
4.7,6,O,,,Термометр,40270,-39740,,,19
4.7,3,O,,,Термометр,40270,-39680,,,19
4.7,100000,P,100000,O,Расходомер,0,0,0,0,26
4.7,100000,O,,,Термометр,0,0,,,31
4.7,100000,O,,,Термометр,0,0,,,33
4.7,4,P,,,Манометр,40330,-39830,,,17
4.7,4,O,,,Термометр,40330,-39740,,,19
4.7,100000,P,,,Термометр,0,0,,,22
4.7,100000,P,,,Термометр,0,0,,,23
4.7,3,P,9,P,Расходомер,40270,-39930,40210,-39880,18
4.7,5,P,,,Манометр,40210,-39830,,,17
4.7,5,O,,,Термометр,40210,-39740,,,19
4.7,3,P,9,P,Задвижка,40270,-39930,40210,-39880,48
4.7,9,P,5,P,Диафрагма,40210,-39880,40210,-39830,2
4.7,5,P,5,O,Калориферная установка,40210,-39830,40210,-39740,9
4.7,5,O,3,O,Участок теплопровода,40210,-39740,40270,-39680,4787
4.7,100000,,,,Манометр,,,,,32
4.7,100000,P,100000,O,Расходомер,0,0,0,0,25
4.7,100000,P,,,Термометр,0,0,,,34
4.7,4,O,,,Манометр,40330,-39740,,,17
4.7,100000,,,,Термометр,40430,-39720,,,24
4.8,100000,P,,,Термометр,0,0,,,24
4.8,0,P,1,P,Задвижка,40080,-39930,40170,-39930,7
4.8,1,P,2,P,Диафрагма,40170,-39930,40240,-39930,5
4.8,2,P,3,P,Участок теплопровода,40240,-39930,40320,-39930,13
4.8,3,P,8,P,Задвижка,40320,-39930,40410,-39930,27
4.8,8,P,4,P,Диафрагма,40410,-39930,40410,-39870,1
4.8,4,P,4,O,Элеватор,40410,-39870,40410,-39730,15
4.8,4,O,3,O,Участок теплопровода,40410,-39730,40320,-39730,4788
4.8,3,P,7,P,Задвижка,40320,-39930,40320,-39880,28
4.8,7,P,6,P,Диафрагма,40320,-39880,40320,-39830,3
4.8,6,P,6,O,Теплообменник,40320,-39830,40320,-39760,11
4.8,6,O,3,O,Участок теплопровода,40320,-39760,40320,-39730,4789
4.8,3,O,11,O,Теплообменник,40320,-39730,40320,-39700,10
4.8,11,O,2,O,Участок теплопровода,40320,-39700,40240,-39700,14
4.8,2,O,1,O,Диафрагма,40240,-39700,40170,-39700,4
4.8,1,O,0,O,Задвижка,40170,-39700,40080,-39700,8
4.8,0,P,,,Манометр,40080,-39930,,,17
4.8,0,O,,,Манометр,40080,-39700,,,17
4.8,0,P,,,Термометр,40080,-39930,,,19
4.8,0,O,,,Термометр,40080,-39700,,,19
4.8,2,P,,,Манометр,40240,-39930,,,17
4.8,6,P,,,Манометр,40320,-39830,,,17
4.8,2,O,,,Манометр,40240,-39700,,,17
4.8,0,P,1,P,Расходомер,40080,-39930,40170,-39930,18
4.8,3,P,7,P,Расходомер,40320,-39930,40320,-39880,18
4.8,3,P,8,P,Расходомер,40320,-39930,40410,-39930,18
4.8,6,O,,,Термометр,40320,-39760,,,19
4.8,3,O,,,Термометр,40320,-39730,,,19
4.8,100000,P,100000,O,Расходомер,0,0,0,0,26
4.8,100000,O,,,Термометр,0,0,,,31
4.8,100000,O,,,Термометр,0,0,,,33
4.8,4,P,,,Манометр,40410,-39870,,,17
4.8,4,O,,,Термометр,40410,-39730,,,19
4.8,100000,P,,,Термометр,0,0,,,22
4.8,100000,P,,,Термометр,0,0,,,23
4.8,3,P,9,P,Расходомер,40320,-39930,40250,-39900,18
4.8,5,P,,,Манометр,40250,-39850,,,17
4.8,5,O,,,Термометр,40250,-39730,,,19
4.8,3,P,9,P,Задвижка,40320,-39930,40250,-39900,48
4.8,9,P,5,P,Диафрагма,40250,-39900,40250,-39850,2
4.8,5,P,5,O,Калориферная установка,40250,-39850,40250,-39730,9
4.8,5,O,3,O,Участок теплопровода,40250,-39730,40320,-39730,4790
4.8,100000,,,,Манометр,,,,,32
4.8,100000,P,100000,O,Расходомер,0,0,0,0,25
4.8,100000,P,,,Термометр,0,0,,,34
4.8,4,O,,,Манометр,40410,-39730,,,17
4.8,100000,P,100000,O,Расходомер,0,0,0,0,42
4.9,0,P,1,P,Задвижка,40070,-39890,40140,-39890,7
4.9,1,P,2,P,Диафрагма,40140,-39890,40220,-39890,5
4.9,2,P,3,P,Участок теплопровода,40220,-39890,40310,-39890,13
4.9,3,P,4,P,Задвижка,40310,-39890,40400,-39860,27
4.9,4,P,5,P,Диафрагма,40400,-39860,40400,-39820,1
4.9,5,P,5,O,Теплообменник,40400,-39820,40400,-39750,12
4.9,5,O,8,O,Участок теплопровода,40400,-39750,40360,-39750,4791
4.9,3,P,6,P,Задвижка,40310,-39890,40310,-39860,28
4.9,6,P,7,P,Диафрагма,40310,-39860,40310,-39820,3
4.9,7,P,7,O,Теплообменник,40310,-39820,40310,-39750,11
4.9,7,O,8,O,Участок теплопровода,40310,-39750,40360,-39750,4792
4.9,8,O,3,O,Теплообменник,40360,-39750,40360,-39690,10
4.9,3,O,2,O,Участок теплопровода,40360,-39690,40220,-39690,14
4.9,2,O,1,O,Диафрагма,40220,-39690,40140,-39690,4
4.9,1,O,0,O,Задвижка,40140,-39690,40070,-39690,8
4.9,0,P,,,Манометр,40070,-39890,,,17
4.9,0,O,,,Манометр,40070,-39690,,,17
4.9,0,P,,,Термометр,40070,-39890,,,19
4.9,0,O,,,Термометр,40070,-39690,,,19
4.9,2,P,,,Манометр,40220,-39890,,,17
4.9,7,P,,,Манометр,40310,-39820,,,17
4.9,2,O,,,Манометр,40220,-39690,,,17
4.9,0,P,1,P,Расходомер,40070,-39890,40140,-39890,18
4.9,3,P,6,P,Расходомер,40310,-39890,40310,-39860,18
4.9,3,P,4,P,Расходомер,40310,-39890,40400,-39860,18
4.9,5,O,,,Термометр,40400,-39750,,,19
4.9,7,O,,,Термометр,40310,-39750,,,19
4.9,8,O,,,Термометр,40360,-39750,,,19
4.9,100000,P,100000,O,Расходомер,0,0,0,0,26
4.9,100000,O,,,Термометр,0,0,,,31
4.9,100000,O,,,Термометр,0,0,,,33
4.9,5,O,,,Манометр,40400,-39750,,,17
4.9,5,O,,,Термометр,40400,-39750,,,19
4.9,100000,P,,,Термометр,0,0,,,22
4.9,100000,P,,,Термометр,0,0,,,23
4.9,100000,,,,Термометр,,,,,29
4.9,100000,,,,Термометр,,,,,30
4.9,100000,,,,Термометр,,,,,35
4.9,100000,P,100000,O,Расходомер,0,0,0,0,20
4.9,100000,P,100000,O,Расходомер,0,0,0,0,21
5.1,0,P,1,P,Задвижка,40130,-39960,40200,-39960,7
5.1,1,P,2,P,Диафрагма,40200,-39960,40260,-39960,5
5.1,2,P,3,P,Участок теплопровода,40260,-39960,40320,-39960,13
5.1,3,P,4,P,Диафрагма,40320,-39960,40380,-39960,1
5.1,4,P,6,P,Теплообменник,40380,-39960,40450,-39960,11
5.1,5,P,5,O,Радиаторы системы отопления,40560,-39960,40560,-39760,16
5.1,5,O,3,O,Теплообменник,40560,-39760,40380,-39760,10
5.1,3,O,2,O,Участок теплопровода,40380,-39760,40320,-39760,14
5.1,2,O,1,O,Диафрагма,40320,-39760,40230,-39760,4
5.1,1,O,0,O,Задвижка,40230,-39760,40130,-39760,8
5.1,0,P,,,Термометр,40130,-39960,,,19
5.1,0,P,,,Манометр,40130,-39960,,,17
5.1,0,O,,,Термометр,40130,-39760,,,19
5.1,0,O,,,Манометр,40130,-39760,,,17
5.1,0,P,1,P,Расходомер,40130,-39960,40200,-39960,18
5.1,2,P,,,Манометр,40260,-39960,,,17
5.1,4,P,,,Манометр,40380,-39960,,,17
5.1,5,P,,,Манометр,40560,-39960,,,17
5.1,5,O,,,Манометр,40560,-39760,,,17
5.1,5,P,,,Термометр,40560,-39960,,,19
5.1,5,O,,,Термометр,40560,-39760,,,19
5.1,2,O,,,Манометр,40320,-39760,,,17
5.1,100000,P,100000,O,Расходомер,0,0,0,0,26
5.1,100000,O,,,Термометр,0,0,,,31
5.1,100000,O,,,Термометр,0,0,,,33
5.1,100000,P,,,Термометр,0,0,,,23
5.1,6,P,5,P,Задвижка,40450,-39960,40560,-39960,49
5.1,6,P,5,O,Задвижка,40450,-39960,40560,-39760,50
5.1,5,P,,,Манометр,40560,-39960,,,17
5.1,6,P,,,Термометр,40450,-39960,,,19
5.1,5,O,,,Термометр,40560,-39760,,,19
5.10,6,P,5,P,Задвижка,40330,-39860,40390,-39860,49
5.10,6,P,5,O,Задвижка,40330,-39860,40390,-39770,50
5.10,0,P,1,P,Задвижка,40100,-39860,40170,-39860,7
5.10,1,P,2,P,Диафрагма,40170,-39860,40170,-39860,5
5.10,2,P,3,P,Участок теплопровода,40170,-39860,40230,-39860,13
5.10,3,P,4,P,Диафрагма,40230,-39860,40270,-39860,1
5.10,4,P,6,P,Теплообменник,40270,-39860,40330,-39860,11
5.10,5,P,5,O,Теплообменник,40390,-39860,40390,-39770,12
5.10,5,O,3,O,Теплообменник,40390,-39770,40270,-39770,10
5.10,3,O,2,O,Участок теплопровода,40270,-39770,40230,-39770,14
5.10,2,O,1,O,Диафрагма,40230,-39770,40170,-39770,4
5.10,1,O,0,O,Задвижка,40170,-39770,40100,-39770,8
5.10,0,P,,,Термометр,40100,-39860,,,19
5.10,0,P,,,Манометр,40100,-39860,,,17
5.10,0,O,,,Термометр,40100,-39770,,,19
5.10,0,O,,,Манометр,40100,-39770,,,17
5.10,0,P,1,P,Расходомер,40100,-39860,40170,-39860,18
5.10,2,P,,,Манометр,40170,-39860,,,17
5.10,4,P,,,Манометр,40270,-39860,,,17
5.10,5,P,,,Манометр,40390,-39860,,,17
5.10,5,O,,,Манометр,40390,-39770,,,17
5.10,5,P,,,Термометр,40390,-39860,,,19
5.10,5,O,,,Термометр,40390,-39770,,,19
5.10,2,O,,,Манометр,40230,-39770,,,17
5.10,100000,P,100000,O,Расходомер,0,0,0,0,26
5.10,100000,O,,,Термометр,0,0,,,31
5.10,100000,O,,,Термометр,0,0,,,33
5.10,100000,P,,,Термометр,0,0,,,23
5.10,100000,P,,,Термометр,0,0,,,29
5.10,100000,O,,,Термометр,0,0,,,30
5.10,100000,P,,,Термометр,0,0,,,35
5.10,100000,P,100000,O,Расходомер,0,0,0,0,20
5.10,100000,P,100000,O,Расходомер,0,0,0,0,21
5.10,100000,P,100000,O,Расходомер,0,0,0,0,42
5.11,0,P,1,P,Задвижка,40070,-39930,40130,-39930,7
5.11,1,P,2,P,Диафрагма,40130,-39930,40190,-39930,5
5.11,2,P,3,P,Участок теплопровода,40190,-39930,40240,-39930,13
5.11,3,P,4,P,Диафрагма,40240,-39930,40180,-39890,1
5.11,4,P,6,P,Теплообменник,40180,-39890,40180,-39830,11
5.11,5,P,5,O,Теплообменник,40250,-39830,40250,-39740,12
5.11,7,O,3,O,Теплообменник,40300,-39700,40240,-39700,10
5.11,3,O,2,O,Участок теплопровода,40240,-39700,40190,-39700,14
5.11,2,O,1,O,Диафрагма,40190,-39700,40130,-39700,4
5.11,1,O,0,O,Задвижка,40130,-39700,40070,-39700,8
5.11,0,P,,,Термометр,40070,-39930,,,19
5.11,0,P,,,Манометр,40070,-39930,,,17
5.11,0,O,,,Термометр,40070,-39700,,,19
5.11,0,O,,,Манометр,40070,-39700,,,17
5.11,0,P,1,P,Расходомер,40070,-39930,40130,-39930,18
5.11,2,P,,,Манометр,40190,-39930,,,17
5.11,4,P,,,Манометр,40180,-39890,,,17
5.11,5,P,,,Манометр,40250,-39830,,,17
5.11,5,O,,,Манометр,40250,-39740,,,17
5.11,5,P,,,Термометр,40250,-39830,,,19
5.11,5,O,,,Термометр,40250,-39740,,,19
5.11,2,O,,,Манометр,40190,-39700,,,17
5.11,100000,P,100000,O,Расходомер,0,0,0,0,26
5.11,100000,O,,,Термометр,0,0,,,31
5.11,100000,O,,,Термометр,0,0,,,33
5.11,100000,P,,,Термометр,0,0,,,23
5.11,6,P,5,P,Задвижка,40180,-39830,40250,-39830,49
5.11,6,P,5,O,Задвижка,40180,-39830,40250,-39740,50
5.11,5,O,7,O,Участок теплопровода,40250,-39740,40300,-39700,4793
5.11,3,P,8,P,Задвижка,40240,-39930,40340,-39930,48
5.11,8,P,9,P,Диафрагма,40340,-39930,40340,-39880,2
5.11,9,P,9,O,Калориферная установка,40340,-39880,40340,-39730,9
5.11,9,O,7,O,Участок теплопровода,40340,-39730,40300,-39700,4794
5.11,3,P,8,P,Расходомер,40240,-39930,40340,-39930,18
5.11,9,P,,,Манометр,40340,-39880,,,17
5.11,9,O,,,Термометр,40340,-39730,,,19
5.11,100000,P,,,Термометр,0,0,,,29
5.11,100000,O,,,Термометр,0,0,,,30
5.11,100000,P,,,Термометр,0,0,,,35
5.11,100000,P,100000,O,Расходомер,0,0,0,0,20
5.11,100000,P,100000,O,Расходомер,0,0,0,0,21
5.11,4,P,,,Термометр,40180,-39890,,,19
5.11,100000,P,,,Термометр,0,0,,,24
5.11,5,P,,,Манометр,40250,-39830,,,17
5.11,7,O,,,Термометр,40300,-39700,,,19
5.12,7,O,,,Термометр,40550,-39650,,,19
5.12,5,P,,,Манометр,40550,-39870,,,17
5.12,3,,,,Термометр,40430,-39720,,,24
5.12,4,P,,,Термометр,40390,-39870,,,19
5.12,0,P,1,P,Задвижка,40090,-39870,40170,-39870,7
5.12,1,P,2,P,Диафрагма,40170,-39870,40240,-39870,5
5.12,2,P,3,P,Участок теплопровода,40240,-39870,40310,-39870,13
5.12,3,P,4,P,Диафрагма,40310,-39870,40390,-39870,1
5.12,4,P,6,P,Теплообменник,40390,-39870,40470,-39870,11
5.12,5,P,5,O,Теплообменник,40550,-39870,40550,-39740,12
5.12,7,O,3,O,Теплообменник,40550,-39650,40310,-39650,10
5.12,3,O,2,O,Участок теплопровода,40310,-39650,40250,-39650,14
5.12,2,O,1,O,Диафрагма,40250,-39650,40180,-39650,4
5.12,1,O,0,O,Задвижка,40180,-39650,40090,-39650,8
5.12,0,P,,,Термометр,40090,-39870,,,19
5.12,0,P,,,Манометр,40090,-39870,,,17
5.12,0,O,,,Термометр,40090,-39650,,,19
5.12,0,O,,,Манометр,40090,-39650,,,17
5.12,0,P,1,P,Расходомер,40090,-39870,40170,-39870,18
5.12,2,P,,,Манометр,40240,-39870,,,17
5.12,4,P,,,Манометр,40390,-39870,,,17
5.12,5,P,,,Манометр,40550,-39870,,,17
5.12,5,O,,,Манометр,40550,-39740,,,17
5.12,5,P,,,Термометр,40550,-39870,,,19
5.12,5,O,,,Термометр,40550,-39740,,,19
5.12,2,O,,,Манометр,40250,-39650,,,17
5.12,100000,P,100000,O,Расходомер,0,0,0,0,26
5.12,100000,O,,,Термометр,0,0,,,31
5.12,100000,O,,,Термометр,0,0,,,33
5.12,100000,P,,,Термометр,0,0,,,23
5.12,6,P,5,P,Задвижка,40470,-39870,40550,-39870,49
5.12,6,P,5,O,Задвижка,40470,-39870,40550,-39740,50
5.12,5,O,7,O,Участок теплопровода,40550,-39740,40550,-39650,4795
5.12,3,P,8,P,Задвижка,40310,-39870,40310,-39810,48
5.12,8,P,9,P,Диафрагма,40310,-39810,40310,-39750,2
5.12,9,P,9,O,Калориферная установка,40310,-39750,40310,-39700,9
5.12,9,O,7,O,Участок теплопровода,40310,-39700,40550,-39650,4796
5.12,3,P,8,P,Расходомер,40310,-39870,40310,-39810,18
5.12,9,P,,,Манометр,40310,-39750,,,17
5.12,9,O,,,Термометр,40310,-39700,,,19
5.12,100000,P,,,Термометр,0,0,,,29
5.12,100000,O,,,Термометр,0,0,,,30
5.12,100000,P,,,Термометр,0,0,,,35
5.12,100000,P,100000,O,Расходомер,0,0,0,0,20
5.12,100000,P,100000,O,Расходомер,0,0,0,0,21
5.2,6,P,5,P,Задвижка,40280,-39860,40350,-39860,49
5.2,6,P,5,O,Задвижка,40280,-39860,40350,-39730,50
5.2,0,P,1,P,Задвижка,40060,-39950,40110,-39950,7
5.2,1,P,2,P,Диафрагма,40110,-39950,40170,-39950,5
5.2,2,P,3,P,Участок теплопровода,40170,-39950,40230,-39950,13
5.2,3,P,4,P,Диафрагма,40230,-39950,40280,-39950,1
5.2,4,P,6,P,Теплообменник,40280,-39950,40280,-39860,11
5.2,5,P,5,O,Радиаторы системы отопления,40350,-39860,40350,-39730,16
5.2,5,O,3,O,Теплообменник,40350,-39730,40230,-39730,10
5.2,3,O,2,O,Участок теплопровода,40230,-39730,40170,-39730,14
5.2,2,O,1,O,Диафрагма,40170,-39730,40110,-39730,4
5.2,1,O,0,O,Задвижка,40110,-39730,40060,-39730,8
5.2,0,P,,,Термометр,40060,-39950,,,19
5.2,0,P,,,Манометр,40060,-39950,,,17
5.2,0,O,,,Термометр,40060,-39730,,,19
5.2,0,O,,,Манометр,40060,-39730,,,17
5.2,0,P,1,P,Расходомер,40060,-39950,40110,-39950,18
5.2,2,P,,,Манометр,40170,-39950,,,17
5.2,4,P,,,Манометр,40280,-39950,,,17
5.2,5,P,,,Манометр,40350,-39860,,,17
5.2,5,O,,,Манометр,40350,-39730,,,17
5.2,5,P,,,Термометр,40350,-39860,,,19
5.2,5,O,,,Термометр,40350,-39730,,,19
5.2,2,O,,,Манометр,40170,-39730,,,17
5.2,100000,P,100000,O,Расходомер,0,0,0,0,26
5.2,100000,O,,,Термометр,0,0,,,31
5.2,100000,O,,,Термометр,0,0,,,33
5.2,100000,P,,,Термометр,0,0,,,23
5.2,100000,P,100000,O,Расходомер,0,0,0,0,42
5.3,0,P,1,P,Задвижка,40060,-39970,40130,-39970,7
5.3,1,P,2,P,Диафрагма,40130,-39970,40200,-39970,5
5.3,2,P,3,P,Участок теплопровода,40200,-39970,40290,-39970,13
5.3,3,P,4,P,Диафрагма,40290,-39970,40390,-39970,1
5.3,4,P,6,P,Теплообменник,40390,-39970,40390,-39890,11
5.3,5,P,5,O,Радиаторы системы отопления,40480,-39790,40390,-39700,16
5.3,7,O,3,O,Теплообменник,40290,-39700,40290,-39640,10
5.3,3,O,2,O,Участок теплопровода,40290,-39640,40230,-39640,14
5.3,2,O,1,O,Диафрагма,40230,-39640,40160,-39640,4
5.3,1,O,0,O,Задвижка,40160,-39640,40080,-39640,8
5.3,0,P,,,Термометр,40060,-39970,,,19
5.3,0,P,,,Манометр,40060,-39970,,,17
5.3,0,O,,,Термометр,40080,-39640,,,19
5.3,0,O,,,Манометр,40080,-39640,,,17
5.3,0,P,1,P,Расходомер,40060,-39970,40130,-39970,18
5.3,2,P,,,Манометр,40200,-39970,,,17
5.3,4,P,,,Манометр,40390,-39970,,,17
5.3,5,P,,,Манометр,40480,-39790,,,17
5.3,5,O,,,Манометр,40390,-39700,,,17
5.3,5,P,,,Термометр,40480,-39790,,,19
5.3,5,O,,,Термометр,40390,-39700,,,19
5.3,2,O,,,Манометр,40230,-39640,,,17
5.3,100000,P,100000,O,Расходомер,0,0,0,0,26
5.3,100000,O,,,Термометр,0,0,,,31
5.3,100000,O,,,Термометр,0,0,,,33
5.3,100000,P,,,Термометр,0,0,,,23
5.3,6,P,5,P,Задвижка,40390,-39890,40480,-39790,49
5.3,6,P,5,O,Задвижка,40390,-39890,40390,-39700,50
5.3,5,O,7,O,Участок теплопровода,40390,-39700,40290,-39700,4797
5.3,3,P,8,P,Задвижка,40290,-39970,40290,-39890,48
5.3,8,P,9,P,Диафрагма,40290,-39890,40290,-39820,2
5.3,9,P,9,O,Калориферная установка,40290,-39820,40290,-39750,9
5.3,9,O,7,O,Участок теплопровода,40290,-39750,40290,-39700,4798
5.3,3,P,8,P,Расходомер,40290,-39970,40290,-39890,18
5.3,9,P,,,Манометр,40290,-39820,,,17
5.3,9,O,,,Термометр,40290,-39750,,,19
5.3,100000,P,,,Термометр,40430,-39720,,,24
5.3,5,P,,,Манометр,,,,,17
5.4,5,P,,,Манометр,40200,-39760,,,17
5.4,100000,P,,,Термометр,0,0,,,24
5.4,0,P,1,P,Задвижка,40070,-39930,40130,-39930,7
5.4,1,P,2,P,Диафрагма,40130,-39930,40180,-39930,5
5.4,2,P,3,P,Участок теплопровода,40180,-39930,40270,-39930,13
5.4,3,P,4,P,Диафрагма,40270,-39930,40200,-39890,1
5.4,4,P,6,P,Теплообменник,40200,-39890,40200,-39840,11
5.4,5,P,5,O,Радиаторы системы отопления,40200,-39760,40300,-39760,16
5.4,7,O,3,O,Теплообменник,40300,-39710,40240,-39710,10
5.4,3,O,2,O,Участок теплопровода,40240,-39710,40180,-39710,14
5.4,2,O,1,O,Диафрагма,40180,-39710,40130,-39710,4
5.4,1,O,0,O,Задвижка,40130,-39710,40070,-39710,8
5.4,0,P,,,Термометр,40070,-39930,,,19
5.4,0,P,,,Манометр,40070,-39930,,,17
5.4,0,O,,,Термометр,40070,-39710,,,19
5.4,0,O,,,Манометр,40070,-39710,,,17
5.4,0,P,1,P,Расходомер,40070,-39930,40130,-39930,18
5.4,2,P,,,Манометр,40180,-39930,,,17
5.4,4,P,,,Манометр,40200,-39890,,,17
5.4,5,P,,,Манометр,40200,-39760,,,17
5.4,5,O,,,Манометр,40300,-39760,,,17
5.4,5,P,,,Термометр,40200,-39760,,,19
5.4,5,O,,,Термометр,40300,-39760,,,19
5.4,2,O,,,Манометр,40180,-39710,,,17
5.4,100000,P,100000,O,Расходомер,0,0,0,0,26
5.4,100000,O,,,Термометр,0,0,,,31
5.4,100000,O,,,Термометр,0,0,,,33
5.4,100000,P,,,Термометр,0,0,,,23
5.4,6,P,5,P,Задвижка,40200,-39840,40200,-39760,49
5.4,6,P,5,O,Задвижка,40200,-39840,40300,-39760,50
5.4,5,O,7,O,Участок теплопровода,40300,-39760,40300,-39710,4799
5.4,3,P,8,P,Задвижка,40270,-39930,40340,-39930,48
5.4,8,P,9,P,Диафрагма,40340,-39930,40340,-39850,2
5.4,9,P,9,O,Калориферная установка,40340,-39850,40340,-39760,9
5.4,9,O,7,O,Участок теплопровода,40340,-39760,40300,-39710,47100
5.4,3,P,8,P,Расходомер,40270,-39930,40340,-39930,18
5.4,9,P,,,Манометр,40340,-39850,,,17
5.4,9,O,,,Термометр,40340,-39760,,,19
5.4,100000,P,100000,O,Расходомер,0,0,0,0,42
5.5,6,P,5,P,Задвижка,40360,-39870,40440,-39870,49
5.5,6,P,5,O,Задвижка,40360,-39870,40440,-39780,50
5.5,0,P,1,P,Задвижка,40090,-39870,40150,-39870,7
5.5,1,P,2,P,Диафрагма,40150,-39870,40200,-39870,5
5.5,2,P,3,P,Участок теплопровода,40200,-39870,40250,-39870,13
5.5,3,P,4,P,Диафрагма,40250,-39870,40300,-39870,1
5.5,4,P,6,P,Теплообменник,40300,-39870,40360,-39870,11
5.5,5,P,5,O,Элеватор,40440,-39870,40440,-39780,15
5.5,5,O,3,O,Теплообменник,40440,-39780,40310,-39780,10
5.5,3,O,2,O,Участок теплопровода,40310,-39780,40250,-39780,14
5.5,2,O,1,O,Диафрагма,40250,-39780,40200,-39780,4
5.5,1,O,0,O,Задвижка,40200,-39780,40090,-39780,8
5.5,0,P,,,Термометр,40090,-39870,,,19
5.5,0,P,,,Манометр,40090,-39870,,,17
5.5,0,O,,,Термометр,40090,-39780,,,19
5.5,0,O,,,Манометр,40090,-39780,,,17
5.5,0,P,1,P,Расходомер,40090,-39870,40150,-39870,18
5.5,2,P,,,Манометр,40200,-39870,,,17
5.5,4,P,,,Манометр,40300,-39870,,,17
5.5,5,P,,,Манометр,40440,-39870,,,17
5.5,5,O,,,Манометр,40440,-39780,,,17
5.5,5,P,,,Термометр,40440,-39870,,,19
5.5,5,O,,,Термометр,40440,-39780,,,19
5.5,2,O,,,Манометр,40250,-39780,,,17
5.5,100000,P,100000,O,Расходомер,0,0,0,0,26
5.5,100000,O,,,Термометр,0,0,,,31
5.5,100000,O,,,Термометр,0,0,,,33
5.5,100000,P,,,Термометр,0,0,,,23
5.5,100000,P,100000,O,Расходомер,0,0,0,0,25
5.5,100000,P,,,Манометр,0,0,,,32
5.5,100000,P,,,Термометр,0,0,,,34
5.5,5,P,,,Манометр,40440,-39870,,,17
5.6,5,P,,,Манометр,40430,-39850,,,17
5.6,0,P,1,P,Задвижка,40090,-39850,40140,-39850,7
5.6,1,P,2,P,Диафрагма,40140,-39850,40190,-39850,5
5.6,2,P,3,P,Участок теплопровода,40190,-39850,40250,-39850,13
5.6,3,P,4,P,Диафрагма,40250,-39850,40310,-39850,1
5.6,4,P,6,P,Теплообменник,40310,-39850,40370,-39850,11
5.6,5,P,5,O,Элеватор,40430,-39850,40430,-39750,15
5.6,5,O,3,O,Теплообменник,40430,-39750,40310,-39750,10
5.6,3,O,2,O,Участок теплопровода,40310,-39750,40250,-39750,14
5.6,2,O,1,O,Диафрагма,40250,-39750,40140,-39750,4
5.6,1,O,0,O,Задвижка,40140,-39750,40090,-39750,8
5.6,0,P,,,Термометр,40090,-39850,,,19
5.6,0,P,,,Манометр,40090,-39850,,,17
5.6,0,O,,,Термометр,40090,-39750,,,19
5.6,0,O,,,Манометр,40090,-39750,,,17
5.6,0,P,1,P,Расходомер,40090,-39850,40140,-39850,18
5.6,2,P,,,Манометр,40190,-39850,,,17
5.6,4,P,,,Манометр,40310,-39850,,,17
5.6,5,P,,,Манометр,40430,-39850,,,17
5.6,5,O,,,Манометр,40430,-39750,,,17
5.6,5,P,,,Термометр,40430,-39850,,,19
5.6,5,O,,,Термометр,40430,-39750,,,19
5.6,2,O,,,Манометр,40250,-39750,,,17
5.6,100000,P,100000,O,Расходомер,0,0,0,0,26
5.6,100000,O,,,Термометр,0,0,,,31
5.6,100000,O,,,Термометр,0,0,,,33
5.6,100000,P,,,Термометр,0,0,,,23
5.6,100000,P,100000,O,Расходомер,0,0,0,0,25
5.6,100000,P,,,Манометр,0,0,,,32
5.6,100000,P,,,Термометр,0,0,,,34
5.6,100000,P,100000,O,Расходомер,0,0,0,0,42
5.6,6,P,5,P,Задвижка,40370,-39850,40430,-39850,49
5.6,6,P,5,O,Задвижка,40370,-39850,40430,-39750,50
5.7,0,P,1,P,Задвижка,40050,-39930,40110,-39930,7
5.7,1,P,2,P,Диафрагма,40110,-39930,40170,-39930,5
5.7,2,P,3,P,Участок теплопровода,40170,-39930,40220,-39930,13
5.7,3,P,4,P,Диафрагма,40220,-39930,40180,-39890,1
5.7,4,P,6,P,Теплообменник,40180,-39890,40180,-39840,11
5.7,5,P,5,O,Элеватор,40250,-39840,40250,-39760,15
5.7,7,O,3,O,Теплообменник,40250,-39710,40200,-39710,10
5.7,3,O,2,O,Участок теплопровода,40200,-39710,40160,-39710,14
5.7,2,O,1,O,Диафрагма,40160,-39710,40110,-39710,4
5.7,1,O,0,O,Задвижка,40110,-39710,40050,-39710,8
5.7,0,P,,,Термометр,40050,-39930,,,19
5.7,0,P,,,Манометр,40050,-39930,,,17
5.7,0,O,,,Термометр,40050,-39710,,,19
5.7,0,O,,,Манометр,40050,-39710,,,17
5.7,0,P,1,P,Расходомер,40050,-39930,40110,-39930,18
5.7,2,P,,,Манометр,40170,-39930,,,17
5.7,4,P,,,Манометр,40180,-39890,,,17
5.7,5,P,,,Манометр,40250,-39840,,,17
5.7,5,O,,,Манометр,40250,-39760,,,17
5.7,5,P,,,Термометр,40250,-39840,,,19
5.7,5,O,,,Термометр,40250,-39760,,,19
5.7,2,O,,,Манометр,40160,-39710,,,17
5.7,100000,P,100000,O,Расходомер,0,0,0,0,26
5.7,100000,O,,,Термометр,0,0,,,31
5.7,100000,O,,,Термометр,0,0,,,33
5.7,100000,P,,,Термометр,0,0,,,23
5.7,6,P,5,P,Задвижка,40180,-39840,40250,-39840,49
5.7,6,P,5,O,Задвижка,40180,-39840,40250,-39760,50
5.7,5,O,7,O,Участок теплопровода,40250,-39760,40250,-39710,47101
5.7,3,P,8,P,Задвижка,40220,-39930,40280,-39930,48
5.7,8,P,9,P,Диафрагма,40280,-39930,40340,-39930,2
5.7,9,P,9,O,Калориферная установка,40340,-39930,40340,-39710,9
5.7,9,O,7,O,Участок теплопровода,40340,-39710,40250,-39710,47102
5.7,3,P,8,P,Расходомер,40220,-39930,40280,-39930,18
5.7,9,P,,,Манометр,40340,-39930,,,17
5.7,9,O,,,Термометр,40340,-39710,,,19
5.7,100000,P,100000,O,Расходомер,0,0,0,0,25
5.7,100000,P,,,Манометр,0,0,,,32
5.7,100000,P,,,Термометр,0,0,,,34
5.7,5,P,,,Манометр,40250,-39840,,,17
5.7,100000,,,,Термометр,40430,-39720,,,24
5.8,100000,P,,,Термометр,0,0,,,24
5.8,5,P,,,Манометр,40270,-39860,,,17
5.8,0,P,1,P,Задвижка,40060,-39950,40130,-39950,7
5.8,1,P,2,P,Диафрагма,40130,-39950,40190,-39950,5
5.8,2,P,3,P,Участок теплопровода,40190,-39950,40240,-39950,13
5.8,3,P,4,P,Диафрагма,40240,-39950,40200,-39910,1
5.8,4,P,6,P,Теплообменник,40200,-39910,40200,-39860,11
5.8,5,P,5,O,Элеватор,40270,-39860,40270,-39780,15
5.8,7,O,3,O,Теплообменник,40310,-39730,40250,-39730,10
5.8,3,O,2,O,Участок теплопровода,40250,-39730,40190,-39730,14
5.8,2,O,1,O,Диафрагма,40190,-39730,40130,-39730,4
5.8,1,O,0,O,Задвижка,40130,-39730,40060,-39730,8
5.8,0,P,,,Термометр,40060,-39950,,,19
5.8,0,P,,,Манометр,40060,-39950,,,17
5.8,0,O,,,Термометр,40060,-39730,,,19
5.8,0,O,,,Манометр,40060,-39730,,,17
5.8,0,P,1,P,Расходомер,40060,-39950,40130,-39950,18
5.8,2,P,,,Манометр,40190,-39950,,,17
5.8,4,P,,,Манометр,40200,-39910,,,17
5.8,5,P,,,Манометр,40270,-39860,,,17
5.8,5,O,,,Манометр,40270,-39780,,,17
5.8,5,P,,,Термометр,40270,-39860,,,19
5.8,5,O,,,Термометр,40270,-39780,,,19
5.8,2,O,,,Манометр,40190,-39730,,,17
5.8,100000,P,100000,O,Расходомер,0,0,0,0,26
5.8,100000,O,,,Термометр,0,0,,,31
5.8,100000,O,,,Термометр,0,0,,,33
5.8,100000,P,,,Термометр,0,0,,,23
5.8,6,P,5,P,Задвижка,40200,-39860,40270,-39860,49
5.8,6,P,5,O,Задвижка,40200,-39860,40270,-39780,50
5.8,5,O,7,O,Участок теплопровода,40270,-39780,40310,-39730,47103
5.8,3,P,8,P,Задвижка,40240,-39950,40310,-39950,48
5.8,8,P,9,P,Диафрагма,40310,-39950,40310,-39900,2
5.8,9,P,9,O,Калориферная установка,40310,-39900,40310,-39840,9
5.8,9,O,7,O,Участок теплопровода,40310,-39840,40310,-39730,47104
5.8,3,P,8,P,Расходомер,40240,-39950,40310,-39950,18
5.8,9,P,,,Манометр,40310,-39900,,,17
5.8,9,O,,,Термометр,40310,-39840,,,19
5.8,100000,P,100000,O,Расходомер,0,0,0,0,25
5.8,100000,P,,,Манометр,0,0,,,32
5.8,100000,P,,,Термометр,0,0,,,34
5.8,100000,P,100000,O,Расходомер,0,0,0,0,42
5.9,0,P,1,P,Задвижка,40080,-39880,40130,-39880,7
5.9,1,P,2,P,Диафрагма,40130,-39880,40180,-39880,5
5.9,2,P,3,P,Участок теплопровода,40180,-39880,40230,-39880,13
5.9,3,P,4,P,Диафрагма,40230,-39880,40280,-39880,1
5.9,4,P,6,P,Теплообменник,40280,-39880,40330,-39880,11
5.9,5,P,5,O,Теплообменник,40380,-39880,40380,-39800,12
5.9,5,O,3,O,Теплообменник,40380,-39800,40280,-39800,10
5.9,3,O,2,O,Участок теплопровода,40280,-39800,40180,-39800,14
5.9,2,O,1,O,Диафрагма,40180,-39800,40130,-39800,4
5.9,1,O,0,O,Задвижка,40130,-39800,40080,-39800,8
5.9,0,P,,,Термометр,40080,-39880,,,19
5.9,0,P,,,Манометр,40080,-39880,,,17
5.9,0,O,,,Термометр,40080,-39800,,,19
5.9,0,O,,,Манометр,40080,-39800,,,17
5.9,0,P,1,P,Расходомер,40080,-39880,40130,-39880,18
5.9,2,P,,,Манометр,40180,-39880,,,17
5.9,4,P,,,Манометр,40280,-39880,,,17
5.9,5,P,,,Манометр,40380,-39880,,,17
5.9,5,O,,,Манометр,40380,-39800,,,17
5.9,5,P,,,Термометр,40380,-39880,,,19
5.9,5,O,,,Термометр,40380,-39800,,,19
5.9,2,O,,,Манометр,40180,-39800,,,17
5.9,100000,P,100000,O,Расходомер,0,0,0,0,26
5.9,100000,O,,,Термометр,0,0,,,31
5.9,100000,O,,,Термометр,0,0,,,33
5.9,100000,P,,,Термометр,0,0,,,23
5.9,100000,P,,,Термометр,0,0,,,29
5.9,100000,O,,,Термометр,0,0,,,30
5.9,100000,P,,,Термометр,0,0,,,35
5.9,100000,P,100000,O,Расходомер,0,0,0,0,20
5.9,100000,P,100000,O,Расходомер,0,0,0,0,21
5.9,5,P,,,Манометр,40380,-39880,,,17
5.9,6,P,5,P,Задвижка,40330,-39880,40380,-39880,49
5.9,6,P,5,O,Задвижка,40330,-39880,40380,-39800,50
6.1,7,P,8,P,Участок теплопровода,40420,-40010,40550,-40010,46
6.1,0,P,1,P,Задвижка,40120,-39920,40190,-39920,7
6.1,1,P,2,P,Диафрагма,40190,-39920,40260,-39920,5
6.1,2,P,3,P,Участок теплопровода,40260,-39920,40320,-39920,13
6.1,4,P,5,P,Диафрагма,40380,-39920,40450,-39920,1
6.1,5,P,5,O,Радиаторы системы отопления,40450,-39920,40450,-39790,16
6.1,5,O,3,O,Участок теплопровода,40450,-39790,40320,-39790,14
6.1,3,O,1,O,Диафрагма,40320,-39790,40190,-39790,4
6.1,1,O,0,O,Задвижка,40190,-39790,40110,-39790,8
6.1,0,P,,,Манометр,40120,-39920,,,17
6.1,2,P,,,Манометр,40260,-39920,,,17
6.1,5,P,,,Манометр,40450,-39920,,,17
6.1,3,O,,,Манометр,40320,-39790,,,17
6.1,0,O,,,Манометр,40110,-39790,,,17
6.1,0,P,1,P,Расходомер,40120,-39920,40190,-39920,18
6.1,1,O,0,O,Расходомер,40190,-39790,40110,-39790,18
6.1,0,P,,,Термометр,40120,-39920,,,19
6.1,0,O,,,Термометр,40110,-39790,,,19
6.1,100000,P,,,Термометр,0,0,,,22
6.1,100000,P,,,Термометр,0,0,,,23
6.1,3,P,6,P,Задвижка,40320,-39920,40320,-40010,36
6.1,3,P,4,P,Задвижка,40320,-39920,40380,-39920,27
6.1,6,P,7,P,Диафрагма,40320,-40010,40420,-40010,37
6.1,3,P,6,P,Расходомер,40320,-39920,40320,-40010,18
6.1,3,P,4,P,Расходомер,40320,-39920,40380,-39920,18
6.1,7,P,,,Манометр,40420,-40010,,,17
6.1,8,P,,,Термометр,40550,-40010,,,19
6.1,8,P,,,Узел подпитки,40550,-40010,,,40
6.1,8,P,,,Манометр,40550,-40010,,,17
6.10,7,P,8,P,Участок теплопровода,40370,-39900,40480,-39900,46
6.10,8,P,7,O,Участок теплопровода,40480,-39900,40480,-39700,43
6.10,0,P,1,P,Задвижка,40120,-39850,40190,-39850,7
6.10,1,P,2,P,Диафрагма,40190,-39850,40250,-39850,5
6.10,2,P,3,P,Участок теплопровода,40250,-39850,40310,-39850,13
6.10,4,P,5,P,Диафрагма,40380,-39850,40380,-39760,1
6.10,5,P,5,O,Теплообменник,40380,-39760,40380,-39700,12
6.10,5,O,3,O,Участок теплопровода,40380,-39700,40250,-39700,14
6.10,3,O,1,O,Диафрагма,40250,-39700,40190,-39700,4
6.10,1,O,0,O,Задвижка,40190,-39700,40120,-39700,8
6.10,0,P,,,Манометр,40120,-39850,,,17
6.10,2,P,,,Манометр,40250,-39850,,,17
6.10,5,P,,,Манометр,40380,-39760,,,17
6.10,3,O,,,Манометр,40250,-39700,,,17
6.10,0,O,,,Манометр,40120,-39700,,,17
6.10,0,P,1,P,Расходомер,40120,-39850,40190,-39850,18
6.10,1,O,0,O,Расходомер,40190,-39700,40120,-39700,18
6.10,0,P,,,Термометр,40120,-39850,,,19
6.10,0,O,,,Термометр,40120,-39700,,,19
6.10,100000,P,,,Термометр,0,0,,,22
6.10,100000,P,,,Термометр,0,0,,,23
6.10,3,P,6,P,Задвижка,40310,-39850,40310,-39900,36
6.10,3,P,4,P,Задвижка,40310,-39850,40380,-39850,27
6.10,6,P,7,P,Диафрагма,40310,-39900,40370,-39900,37
6.10,3,P,6,P,Расходомер,40310,-39850,40310,-39900,18
6.10,3,P,4,P,Расходомер,40310,-39850,40380,-39850,18
6.10,7,P,,,Манометр,40370,-39900,,,17
6.10,8,P,,,Термометр,40480,-39900,,,19
6.10,100000,,,,Термометр,,,,,29
6.10,100000,,,,Термометр,,,,,30
6.10,100000,,,,Термометр,,,,,35
6.10,100000,P,100000,O,Расходомер,0,0,0,0,20
6.10,100000,P,100000,O,Расходомер,0,0,0,0,21
6.10,8,P,,,Узел подпитки,40480,-39900,,,40
6.10,7,O,5,O,Диафрагма,40480,-39700,40380,-39700,6
6.10,7,O,,,Манометр,40480,-39700,,,17
6.10,7,O,5,O,Расходомер,40480,-39700,40380,-39700,18
6.10,8,P,,,Манометр,40480,-39900,,,17
6.11,100000,P,,,Термометр,0,0,,,24
6.11,0,P,1,P,Задвижка,40070,-39910,40120,-39910,7
6.11,1,P,2,P,Диафрагма,40120,-39910,40160,-39910,5
6.11,2,P,3,P,Участок теплопровода,40160,-39910,40210,-39910,13
6.11,4,P,5,P,Диафрагма,40250,-39880,40250,-39840,1
6.11,5,P,5,O,Теплообменник,40250,-39840,40250,-39770,12
6.11,5,O,3,O,Участок теплопровода,40250,-39770,40210,-39720,47105
6.11,2,O,1,O,Диафрагма,40170,-39720,40120,-39720,4
6.11,1,O,0,O,Задвижка,40120,-39720,40070,-39720,8
6.11,0,P,,,Манометр,40070,-39910,,,17
6.11,2,P,,,Манометр,40160,-39910,,,17
6.11,5,P,,,Манометр,40250,-39840,,,17
6.11,2,O,,,Манометр,40170,-39720,,,17
6.11,0,O,,,Манометр,40070,-39720,,,17
6.11,0,P,1,P,Расходомер,40070,-39910,40120,-39910,18
6.11,1,O,0,O,Расходомер,40120,-39720,40070,-39720,18
6.11,0,P,,,Термометр,40070,-39910,,,19
6.11,0,O,,,Термометр,40070,-39720,,,19
6.11,100000,P,,,Термометр,0,0,,,22
6.11,100000,P,,,Термометр,0,0,,,23
6.11,3,P,6,P,Задвижка,40210,-39910,40300,-39910,36
6.11,3,P,4,P,Задвижка,40210,-39910,40250,-39880,27
6.11,6,P,7,P,Диафрагма,40300,-39910,40350,-39910,37
6.11,3,P,6,P,Расходомер,40210,-39910,40300,-39910,18
6.11,3,P,4,P,Расходомер,40210,-39910,40250,-39880,18
6.11,7,P,,,Манометр,40350,-39910,,,17
6.11,8,P,,,Термометр,40410,-39910,,,19
6.11,8,P,,,Узел подпитки,40410,-39910,,,40
6.11,8,P,,,Манометр,40410,-39910,,,17
6.11,7,P,8,P,Участок теплопровода,40350,-39910,40410,-39910,46
6.11,3,O,2,O,Участок теплопровода,40210,-39720,40170,-39720,14
6.11,3,P,9,P,Задвижка,40210,-39910,40170,-39880,48
6.11,9,P,10,P,Диафрагма,40170,-39880,40170,-39840,2
6.11,10,P,10,O,Калориферная установка,40170,-39840,40170,-39770,9
6.11,10,O,3,O,Участок теплопровода,40170,-39770,40210,-39720,47106
6.11,3,P,9,P,Расходомер,40210,-39910,40170,-39880,18
6.11,10,P,,,Манометр,40170,-39840,,,17
6.11,10,O,,,Термометр,40170,-39770,,,19
6.11,5,O,,,Термометр,40250,-39770,,,19
6.11,100000,P,100000,O,Расходомер,0,0,0,0,21
6.11,100000,,,,Термометр,,,,,29
6.11,100000,,,,Термометр,,,,,30
6.11,100000,P,100000,O,Расходомер,0,0,0,0,20
6.11,100000,,,,Термометр,,,,,35
6.12,0,P,1,P,Задвижка,40070,-39900,40120,-39900,7
6.12,1,P,2,P,Диафрагма,40120,-39900,40170,-39900,5
6.12,2,P,3,P,Участок теплопровода,40170,-39900,40230,-39900,13
6.12,4,P,5,P,Диафрагма,40280,-39850,40280,-39810,1
6.12,5,P,5,O,Теплообменник,40280,-39810,40280,-39750,12
6.12,5,O,3,O,Участок теплопровода,40280,-39750,40230,-39700,47107
6.12,2,O,1,O,Диафрагма,40170,-39700,40130,-39700,4
6.12,1,O,0,O,Задвижка,40130,-39700,40070,-39700,8
6.12,0,P,,,Манометр,40070,-39900,,,17
6.12,2,P,,,Манометр,40170,-39900,,,17
6.12,5,P,,,Манометр,40280,-39810,,,17
6.12,2,O,,,Манометр,40170,-39700,,,17
6.12,0,O,,,Манометр,40070,-39700,,,17
6.12,0,P,1,P,Расходомер,40070,-39900,40120,-39900,18
6.12,1,O,0,O,Расходомер,40130,-39700,40070,-39700,18
6.12,0,P,,,Термометр,40070,-39900,,,19
6.12,0,O,,,Термометр,40070,-39700,,,19
6.12,100000,P,,,Термометр,0,0,,,22
6.12,100000,P,,,Термометр,0,0,,,23
6.12,3,P,6,P,Задвижка,40230,-39900,40320,-39900,36
6.12,3,P,4,P,Задвижка,40230,-39900,40280,-39850,27
6.12,6,P,7,P,Диафрагма,40320,-39900,40380,-39900,37
6.12,3,P,6,P,Расходомер,40230,-39900,40320,-39900,18
6.12,3,P,4,P,Расходомер,40230,-39900,40280,-39850,18
6.12,7,P,,,Манометр,40380,-39900,,,17
6.12,8,P,,,Термометр,40440,-39900,,,19
6.12,8,P,,,Узел подпитки,40440,-39900,,,40
6.12,8,P,,,Манометр,40440,-39900,,,17
6.12,7,P,8,P,Участок теплопровода,40380,-39900,40440,-39900,46
6.12,3,O,2,O,Участок теплопровода,40230,-39700,40170,-39700,14
6.12,3,P,9,P,Задвижка,40230,-39900,40180,-39850,48
6.12,9,P,10,P,Диафрагма,40180,-39850,40180,-39810,2
6.12,10,P,10,O,Калориферная установка,40180,-39810,40180,-39750,9
6.12,10,O,3,O,Участок теплопровода,40180,-39750,40230,-39700,47108
6.12,3,P,9,P,Расходомер,40230,-39900,40180,-39850,18
6.12,10,P,,,Манометр,40180,-39810,,,17
6.12,10,O,,,Термометр,40180,-39750,,,19
6.12,5,O,,,Термометр,40280,-39750,,,19
6.12,100000,P,100000,O,Расходомер,0,0,0,0,21
6.12,100000,,,,Термометр,,,,,29
6.12,100000,,,,Термометр,,,,,30
6.12,100000,P,100000,O,Расходомер,0,0,0,0,20
6.12,100000,,,,Термометр,,,,,35
6.12,11,O,3,O,Диафрагма,40440,-39700,40230,-39700,6
6.12,11,O,,,Манометр,40440,-39700,,,17
6.12,11,O,3,O,Расходомер,40440,-39700,40230,-39700,18
6.12,8,P,11,O,Участок теплопровода,40440,-39900,40440,-39700,43
6.12,100000,,,,Термометр,40430,-39720,,,24
6.2,7,P,8,P,Участок теплопровода,40400,-39900,40450,-39900,46
6.2,8,P,7,O,Участок теплопровода,40450,-39900,40450,-39710,43
6.2,0,P,1,P,Задвижка,40090,-39900,40160,-39900,7
6.2,1,P,2,P,Диафрагма,40160,-39900,40220,-39900,5
6.2,2,P,3,P,Участок теплопровода,40220,-39900,40290,-39900,13
6.2,4,P,5,P,Диафрагма,40290,-39860,40290,-39800,1
6.2,5,P,5,O,Радиаторы системы отопления,40290,-39800,40290,-39710,16
6.2,5,O,3,O,Участок теплопровода,40290,-39710,40220,-39710,14
6.2,3,O,1,O,Диафрагма,40220,-39710,40160,-39710,4
6.2,1,O,0,O,Задвижка,40160,-39710,40090,-39710,8
6.2,0,P,,,Манометр,40090,-39900,,,17
6.2,2,P,,,Манометр,40220,-39900,,,17
6.2,5,P,,,Манометр,40290,-39800,,,17
6.2,3,O,,,Манометр,40220,-39710,,,17
6.2,0,O,,,Манометр,40090,-39710,,,17
6.2,0,P,1,P,Расходомер,40090,-39900,40160,-39900,18
6.2,1,O,0,O,Расходомер,40160,-39710,40090,-39710,18
6.2,0,P,,,Термометр,40090,-39900,,,19
6.2,0,O,,,Термометр,40090,-39710,,,19
6.2,100000,P,,,Термометр,,,,,22
6.2,100000,P,,,Термометр,,,,,23
6.2,3,P,6,P,Задвижка,40290,-39900,40360,-39900,36
6.2,3,P,4,P,Задвижка,40290,-39900,40290,-39860,27
6.2,6,P,7,P,Диафрагма,40360,-39900,40400,-39900,37
6.2,3,P,6,P,Расходомер,40290,-39900,40360,-39900,18
6.2,3,P,4,P,Расходомер,40290,-39900,40290,-39860,18
6.2,7,P,,,Манометр,40400,-39900,,,17
6.2,8,P,,,Термометр,40450,-39900,,,19
6.2,8,P,,,Узел подпитки,40450,-39900,,,40
6.2,7,O,5,O,Диафрагма,40450,-39710,40290,-39710,6
6.2,7,O,,,Манометр,40450,-39710,,,17
6.2,7,O,5,O,Расходомер,40450,-39710,40290,-39710,18
6.2,8,P,,,Манометр,40450,-39900,,,17
6.3,0,P,1,P,Задвижка,40120,-39890,40180,-39890,7
6.3,1,P,2,P,Диафрагма,40180,-39890,40240,-39890,5
6.3,2,P,3,P,Участок теплопровода,40240,-39890,40290,-39890,13
6.3,4,P,5,P,Диафрагма,40350,-39890,40400,-39890,1
6.3,5,P,5,O,Радиаторы системы отопления,40400,-39890,40400,-39760,16
6.3,5,O,3,O,Участок теплопровода,40400,-39760,40350,-39760,47109
6.3,2,O,1,O,Диафрагма,40230,-39760,40180,-39760,4
6.3,1,O,0,O,Задвижка,40180,-39760,40120,-39760,8
6.3,0,P,,,Манометр,40120,-39890,,,17
6.3,2,P,,,Манометр,40240,-39890,,,17
6.3,5,P,,,Манометр,40400,-39890,,,17
6.3,2,O,,,Манометр,40230,-39760,,,17
6.3,0,O,,,Манометр,40120,-39760,,,17
6.3,0,P,1,P,Расходомер,40120,-39890,40180,-39890,18
6.3,1,O,0,O,Расходомер,40180,-39760,40120,-39760,18
6.3,0,P,,,Термометр,40120,-39890,,,19
6.3,0,O,,,Термометр,40120,-39760,,,19
6.3,100000,P,,,Термометр,0,0,,,22
6.3,100000,P,,,Термометр,0,0,,,23
6.3,3,P,6,P,Задвижка,40290,-39890,40350,-39960,36
6.3,3,P,4,P,Задвижка,40290,-39890,40350,-39890,27
6.3,6,P,7,P,Диафрагма,40350,-39960,40500,-39960,37
6.3,3,P,6,P,Расходомер,40290,-39890,40350,-39960,18
6.3,3,P,4,P,Расходомер,40290,-39890,40350,-39890,18
6.3,7,P,,,Манометр,40500,-39960,,,17
6.3,8,P,,,Термометр,40590,-39960,,,19
6.3,8,P,,,Узел подпитки,40590,-39960,,,40
6.3,8,P,,,Манометр,40590,-39960,,,17
6.3,7,P,8,P,Участок теплопровода,40500,-39960,40590,-39960,46
6.3,3,O,2,O,Участок теплопровода,40350,-39760,40230,-39760,14
6.3,3,P,9,P,Задвижка,40290,-39890,40400,-39940,48
6.3,9,P,10,P,Диафрагма,40400,-39940,40510,-39940,2
6.3,10,P,10,O,Калориферная установка,40510,-39940,40510,-39710,9
6.3,10,O,3,O,Участок теплопровода,40510,-39710,40350,-39760,47110
6.3,3,P,9,P,Расходомер,40290,-39890,40400,-39940,18
6.3,10,P,,,Манометр,40510,-39940,,,17
6.3,10,O,,,Термометр,40510,-39710,,,19
6.3,5,O,,,Термометр,40400,-39760,,,19
6.3,100000,P,,,Термометр,40430,-39720,,,24
6.4,100000,P,,,Термометр,40430,-39720,,,24
6.4,0,P,1,P,Задвижка,40060,-39920,40110,-39920,7
6.4,1,P,2,P,Диафрагма,40110,-39920,40160,-39920,5
6.4,2,P,3,P,Участок теплопровода,40160,-39920,40200,-39920,13
6.4,4,P,5,P,Диафрагма,40240,-39890,40240,-39840,1
6.4,5,P,5,O,Радиаторы системы отопления,40240,-39840,40240,-39750,16
6.4,5,O,3,O,Участок теплопровода,40240,-39750,40200,-39710,47111
6.4,2,O,1,O,Диафрагма,40160,-39710,40110,-39710,4
6.4,1,O,0,O,Задвижка,40110,-39710,40060,-39710,8
6.4,0,P,,,Манометр,40060,-39920,,,17
6.4,2,P,,,Манометр,40160,-39920,,,17
6.4,5,P,,,Манометр,40240,-39840,,,17
6.4,2,O,,,Манометр,40160,-39710,,,17
6.4,0,O,,,Манометр,40060,-39710,,,17
6.4,0,P,1,P,Расходомер,40060,-39920,40110,-39920,18
6.4,1,O,0,O,Расходомер,40110,-39710,40060,-39710,18
6.4,0,P,,,Термометр,40060,-39920,,,19
6.4,0,O,,,Термометр,40060,-39710,,,19
6.4,100000,P,,,Термометр,,,,,22
6.4,100000,P,,,Термометр,,,,,23
6.4,3,P,6,P,Задвижка,40200,-39920,40270,-39920,36
6.4,3,P,4,P,Задвижка,40200,-39920,40240,-39890,27
6.4,6,P,7,P,Диафрагма,40270,-39920,40320,-39920,37
6.4,3,P,6,P,Расходомер,40200,-39920,40270,-39920,18
6.4,3,P,4,P,Расходомер,40200,-39920,40240,-39890,18
6.4,7,P,,,Манометр,40320,-39920,,,17
6.4,8,P,,,Термометр,40370,-39920,,,19
6.4,8,P,,,Узел подпитки,40370,-39920,,,40
6.4,8,P,,,Манометр,40370,-39920,,,17
6.4,7,P,8,P,Участок теплопровода,40320,-39920,40370,-39920,46
6.4,3,O,2,O,Участок теплопровода,40200,-39710,40160,-39710,14
6.4,3,P,9,P,Задвижка,40200,-39920,40160,-39880,48
6.4,9,P,10,P,Диафрагма,40160,-39880,40160,-39840,2
6.4,10,P,10,O,Калориферная установка,40160,-39840,40160,-39750,9
6.4,10,O,3,O,Участок теплопровода,40160,-39750,40200,-39710,47112
6.4,3,P,9,P,Расходомер,40200,-39920,40160,-39880,18
6.4,10,P,,,Манометр,40160,-39840,,,17
6.4,10,O,,,Термометр,40160,-39750,,,19
6.4,5,O,,,Термометр,40240,-39750,,,19
6.4,11,O,3,O,Диафрагма,40370,-39710,40200,-39710,6
6.4,11,O,,,Манометр,40370,-39710,,,17
6.4,11,O,3,O,Расходомер,40370,-39710,40200,-39710,18
6.4,8,P,11,O,Участок теплопровода,40370,-39920,40370,-39710,43
6.5,8,P,,,Манометр,40930,-39960,,,17
6.5,8,P,,,Узел подпитки,40930,-39960,,,40
6.5,0,P,1,P,Задвижка,40490,-39870,40600,-39870,7
6.5,1,P,2,P,Диафрагма,40600,-39870,40690,-39870,5
6.5,2,P,3,P,Участок теплопровода,40690,-39870,40760,-39870,13
6.5,4,P,5,P,Диафрагма,40850,-39870,40930,-39870,1
6.5,5,P,5,O,Элеватор,40930,-39870,40930,-39700,15
6.5,5,O,3,O,Участок теплопровода,40930,-39700,40850,-39700,14
6.5,3,O,1,O,Диафрагма,40850,-39700,40610,-39700,4
6.5,1,O,0,O,Задвижка,40610,-39700,40490,-39700,8
6.5,0,P,,,Манометр,40490,-39870,,,17
6.5,2,P,,,Манометр,40690,-39870,,,17
6.5,5,P,,,Манометр,40930,-39870,,,17
6.5,3,O,,,Манометр,40850,-39700,,,17
6.5,0,O,,,Манометр,40490,-39700,,,17
6.5,0,P,1,P,Расходомер,40490,-39870,40600,-39870,18
6.5,1,O,0,O,Расходомер,40610,-39700,40490,-39700,18
6.5,0,P,,,Термометр,40490,-39870,,,19
6.5,0,O,,,Термометр,40490,-39700,,,19
6.5,100000,P,,,Термометр,0,0,,,22
6.5,100000,P,,,Термометр,0,0,,,23
6.5,3,P,6,P,Задвижка,40760,-39870,40760,-39960,36
6.5,3,P,4,P,Задвижка,40760,-39870,40850,-39870,27
6.5,6,P,7,P,Диафрагма,40760,-39960,40860,-39960,37
6.5,3,P,6,P,Расходомер,40760,-39870,40760,-39960,18
6.5,3,P,4,P,Расходомер,40760,-39870,40850,-39870,18
6.5,7,P,,,Манометр,40860,-39960,,,17
6.5,8,P,,,Термометр,40930,-39960,,,19
6.5,100000,P,100000,O,Расходомер,0,0,0,0,25
6.5,100000,P,,,Манометр,0,0,,,32
6.5,7,P,8,P,Участок теплопровода,40860,-39960,40930,-39960,46
6.6,7,P,8,P,Участок теплопровода,40390,-39910,40480,-39910,46
6.6,8,P,7,O,Участок теплопровода,40480,-39910,40480,-39740,43
6.6,0,P,1,P,Задвижка,40100,-39860,40190,-39860,7
6.6,1,P,2,P,Диафрагма,40190,-39860,40270,-39860,5
6.6,2,P,3,P,Участок теплопровода,40270,-39860,40310,-39860,13
6.6,4,P,5,P,Диафрагма,40400,-39860,40400,-39800,1
6.6,5,P,5,O,Элеватор,40400,-39800,40400,-39740,15
6.6,5,O,3,O,Участок теплопровода,40400,-39740,40310,-39740,14
6.6,3,O,1,O,Диафрагма,40310,-39740,40190,-39740,4
6.6,1,O,0,O,Задвижка,40190,-39740,40100,-39740,8
6.6,0,P,,,Манометр,40100,-39860,,,17
6.6,2,P,,,Манометр,40270,-39860,,,17
6.6,5,P,,,Манометр,40400,-39800,,,17
6.6,3,O,,,Манометр,40310,-39740,,,17
6.6,0,O,,,Манометр,40100,-39740,,,17
6.6,0,P,1,P,Расходомер,40100,-39860,40190,-39860,18
6.6,1,O,0,O,Расходомер,40190,-39740,40100,-39740,18
6.6,0,P,,,Термометр,40100,-39860,,,19
6.6,0,O,,,Термометр,40100,-39740,,,19
6.6,100000,P,,,Термометр,0,0,,,22
6.6,100000,P,,,Термометр,0,0,,,23
6.6,3,P,6,P,Задвижка,40310,-39860,40310,-39910,36
6.6,3,P,4,P,Задвижка,40310,-39860,40400,-39860,27
6.6,6,P,7,P,Диафрагма,40310,-39910,40390,-39910,37
6.6,3,P,6,P,Расходомер,40310,-39860,40310,-39910,18
6.6,3,P,4,P,Расходомер,40310,-39860,40400,-39860,18
6.6,7,P,,,Манометр,40390,-39910,,,17
6.6,8,P,,,Термометр,40480,-39910,,,19
6.6,100000,P,100000,O,Расходомер,0,0,0,0,25
6.6,100000,P,,,Манометр,0,0,,,32
6.6,8,P,,,Узел подпитки,40480,-39910,,,40
6.6,7,O,5,O,Диафрагма,40480,-39740,40400,-39740,6
6.6,7,O,,,Манометр,40480,-39740,,,17
6.6,7,O,5,O,Расходомер,40480,-39740,40400,-39740,18
6.6,8,P,,,Манометр,40480,-39910,,,17
6.7,0,P,1,P,Задвижка,40060,-39900,40140,-39900,7
6.7,1,P,2,P,Диафрагма,40140,-39900,40220,-39900,5
6.7,2,P,3,P,Участок теплопровода,40220,-39900,40300,-39900,13
6.7,4,P,5,P,Диафрагма,40370,-39860,40370,-39800,1
6.7,5,P,5,O,Элеватор,40370,-39800,40370,-39730,15
6.7,5,O,3,O,Участок теплопровода,40370,-39730,40300,-39690,47113
6.7,2,O,1,O,Диафрагма,40220,-39690,40140,-39690,4
6.7,1,O,0,O,Задвижка,40140,-39690,40060,-39690,8
6.7,0,P,,,Манометр,40060,-39900,,,17
6.7,2,P,,,Манометр,40220,-39900,,,17
6.7,5,P,,,Манометр,40370,-39800,,,17
6.7,2,O,,,Манометр,40220,-39690,,,17
6.7,0,O,,,Манометр,40060,-39690,,,17
6.7,0,P,1,P,Расходомер,40060,-39900,40140,-39900,18
6.7,1,O,0,O,Расходомер,40140,-39690,40060,-39690,18
6.7,0,P,,,Термометр,40060,-39900,,,19
6.7,0,O,,,Термометр,40060,-39690,,,19
6.7,100000,P,,,Термометр,0,0,,,22
6.7,100000,P,,,Термометр,0,0,,,23
6.7,3,P,6,P,Задвижка,40300,-39900,40390,-39900,36
6.7,3,P,4,P,Задвижка,40300,-39900,40370,-39860,27
6.7,6,P,7,P,Диафрагма,40390,-39900,40440,-39900,37
6.7,3,P,6,P,Расходомер,40300,-39900,40390,-39900,18
6.7,3,P,4,P,Расходомер,40300,-39900,40370,-39860,18
6.7,7,P,,,Манометр,40440,-39900,,,17
6.7,8,P,,,Термометр,40480,-39900,,,19
6.7,8,P,,,Узел подпитки,40480,-39900,,,40
6.7,8,P,,,Манометр,40480,-39900,,,17
6.7,7,P,8,P,Участок теплопровода,40440,-39900,40480,-39900,46
6.7,3,O,2,O,Участок теплопровода,40300,-39690,40220,-39690,14
6.7,3,P,9,P,Задвижка,40300,-39900,40230,-39860,48
6.7,9,P,10,P,Диафрагма,40230,-39860,40230,-39800,2
6.7,10,P,10,O,Калориферная установка,40230,-39800,40230,-39730,9
6.7,10,O,3,O,Участок теплопровода,40230,-39730,40300,-39690,47114
6.7,3,P,9,P,Расходомер,40300,-39900,40230,-39860,18
6.7,10,P,,,Манометр,40230,-39800,,,17
6.7,10,O,,,Термометр,40230,-39730,,,19
6.7,5,O,,,Термометр,40370,-39730,,,19
6.7,100000,P,100000,O,Расходомер,0,0,0,0,25
6.7,100000,P,,,Манометр,0,0,,,32
6.7,100000,,,,Термометр,40430,-39720,,,24
6.8,100000,P,,,Термометр,40430,-39720,,,24
6.8,0,P,1,P,Задвижка,40140,-39920,40200,-39920,7
6.8,1,P,2,P,Диафрагма,40200,-39920,40270,-39920,5
6.8,2,P,3,P,Участок теплопровода,40270,-39920,40330,-39920,13
6.8,4,P,5,P,Диафрагма,40420,-39920,40480,-39920,1
6.8,5,P,5,O,Элеватор,40480,-39920,40480,-39720,15
6.8,5,O,3,O,Участок теплопровода,40480,-39720,40330,-39720,47115
6.8,2,O,1,O,Диафрагма,40270,-39720,40200,-39720,4
6.8,1,O,0,O,Задвижка,40200,-39720,40150,-39720,8
6.8,0,P,,,Манометр,40140,-39920,,,17
6.8,2,P,,,Манометр,40270,-39920,,,17
6.8,5,P,,,Манометр,40480,-39920,,,17
6.8,2,O,,,Манометр,40270,-39720,,,17
6.8,0,O,,,Манометр,40150,-39720,,,17
6.8,0,P,1,P,Расходомер,40140,-39920,40200,-39920,18
6.8,1,O,0,O,Расходомер,40200,-39720,40150,-39720,18
6.8,0,P,,,Термометр,40140,-39920,,,19
6.8,0,O,,,Термометр,40150,-39720,,,19
6.8,100000,P,,,Термометр,0,0,,,22
6.8,100000,P,,,Термометр,0,0,,,23
6.8,3,P,6,P,Задвижка,40330,-39920,40400,-39990,36
6.8,3,P,4,P,Задвижка,40330,-39920,40420,-39920,27
6.8,6,P,7,P,Диафрагма,40400,-39990,40490,-39990,37
6.8,3,P,6,P,Расходомер,40330,-39920,40400,-39990,18
6.8,3,P,4,P,Расходомер,40330,-39920,40420,-39920,18
6.8,7,P,,,Манометр,40490,-39990,,,17
6.8,8,P,,,Термометр,40550,-39990,,,19
6.8,8,P,,,Узел подпитки,40550,-39990,,,40
6.8,8,P,,,Манометр,40550,-39990,,,17
6.8,7,P,8,P,Участок теплопровода,40490,-39990,40550,-39990,46
6.8,3,O,2,O,Участок теплопровода,40330,-39720,40270,-39720,14
6.8,3,P,9,P,Задвижка,40330,-39920,40370,-39890,48
6.8,9,P,10,P,Диафрагма,40370,-39890,40430,-39890,2
6.8,10,P,10,O,Калориферная установка,40430,-39890,40430,-39770,9
6.8,10,O,3,O,Участок теплопровода,40430,-39770,40330,-39720,47116
6.8,3,P,9,P,Расходомер,40330,-39920,40370,-39890,18
6.8,10,P,,,Манометр,40430,-39890,,,17
6.8,10,O,,,Термометр,40430,-39770,,,19
6.8,5,O,,,Термометр,40480,-39720,,,19
6.8,100000,P,100000,O,Расходомер,0,0,0,0,25
6.8,100000,P,,,Манометр,0,0,,,32
6.8,11,O,3,O,Диафрагма,40550,-39610,40330,-39720,6
6.8,11,O,,,Манометр,40550,-39610,,,17
6.8,11,O,3,O,Расходомер,40550,-39610,40330,-39720,18
6.8,8,P,11,O,Участок теплопровода,40550,-39990,40550,-39610,43
6.9,8,P,,,Манометр,40390,-39910,,,17
6.9,8,P,,,Узел подпитки,40390,-39910,,,40
6.9,0,P,1,P,Задвижка,40120,-39870,40180,-39870,7
6.9,1,P,2,P,Диафрагма,40180,-39870,40240,-39870,5
6.9,2,P,3,P,Участок теплопровода,40240,-39870,40290,-39870,13
6.9,4,P,5,P,Диафрагма,40340,-39870,40340,-39810,1
6.9,5,P,5,O,Теплообменник,40340,-39810,40340,-39770,12
6.9,5,O,3,O,Участок теплопровода,40340,-39770,40240,-39770,14
6.9,3,O,1,O,Диафрагма,40240,-39770,40180,-39770,4
6.9,1,O,0,O,Задвижка,40180,-39770,40120,-39770,8
6.9,0,P,,,Манометр,40120,-39870,,,17
6.9,2,P,,,Манометр,40240,-39870,,,17
6.9,5,P,,,Манометр,40340,-39810,,,17
6.9,3,O,,,Манометр,40240,-39770,,,17
6.9,0,O,,,Манометр,40120,-39770,,,17
6.9,0,P,1,P,Расходомер,40120,-39870,40180,-39870,18
6.9,1,O,0,O,Расходомер,40180,-39770,40120,-39770,18
6.9,0,P,,,Термометр,40120,-39870,,,19
6.9,0,O,,,Термометр,40120,-39770,,,19
6.9,100000,P,,,Термометр,0,0,,,22
6.9,100000,P,,,Термометр,0,0,,,23
6.9,3,P,6,P,Задвижка,40290,-39870,40290,-39910,36
6.9,3,P,4,P,Задвижка,40290,-39870,40340,-39870,27
6.9,6,P,7,P,Диафрагма,40290,-39910,40340,-39910,37
6.9,3,P,6,P,Расходомер,40290,-39870,40290,-39910,18
6.9,3,P,4,P,Расходомер,40290,-39870,40340,-39870,18
6.9,7,P,,,Манометр,40340,-39910,,,17
6.9,8,P,,,Термометр,40390,-39910,,,19
6.9,100000,,,,Термометр,,,,,29
6.9,100000,,,,Термометр,,,,,30
6.9,100000,,,,Термометр,,,,,35
6.9,100000,P,100000,O,Расходомер,0,0,0,0,20
6.9,100000,P,100000,O,Расходомер,0,0,0,0,21
6.9,7,P,8,P,Участок теплопровода,40340,-39910,40390,-39910,46
7.1,8,O,,,Манометр,40630,-39780,,,17
7.1,8,O,,,Узел подпитки,40630,-39780,,,41
7.1,0,P,1,P,Задвижка,40160,-39920,40230,-39920,7
7.1,1,P,2,P,Диафрагма,40230,-39920,40280,-39920,5
7.1,2,P,3,P,Участок теплопровода,40280,-39920,40340,-39920,13
7.1,4,P,5,P,Диафрагма,40400,-39920,40450,-39920,1
7.1,5,P,5,O,Радиаторы системы отопления,40450,-39920,40450,-39780,16
7.1,5,O,3,O,Участок теплопровода,40450,-39780,40340,-39780,14
7.1,3,O,1,O,Диафрагма,40340,-39780,40230,-39780,4
7.1,1,O,0,O,Задвижка,40230,-39780,40160,-39780,8
7.1,0,P,,,Манометр,40160,-39920,,,17
7.1,2,P,,,Манометр,40280,-39920,,,17
7.1,5,P,,,Манометр,40450,-39920,,,17
7.1,3,O,,,Манометр,40340,-39780,,,17
7.1,0,O,,,Манометр,40160,-39780,,,17
7.1,0,P,1,P,Расходомер,40160,-39920,40230,-39920,18
7.1,1,O,0,O,Расходомер,40230,-39780,40160,-39780,18
7.1,0,P,,,Термометр,40160,-39920,,,19
7.1,0,O,,,Термометр,40160,-39780,,,19
7.1,100000,P,,,Термометр,0,0,,,22
7.1,100000,P,,,Термометр,0,0,,,23
7.1,5,O,6,O,Задвижка,40450,-39780,40530,-39780,38
7.1,3,P,4,P,Задвижка,40340,-39920,40400,-39920,27
7.1,6,O,7,O,Диафрагма,40530,-39780,40580,-39780,37
7.1,5,O,6,O,Расходомер,40450,-39780,40530,-39780,18
7.1,3,P,4,P,Расходомер,40340,-39920,40400,-39920,18
7.1,7,O,,,Манометр,40580,-39780,,,17
7.1,8,O,,,Термометр,40630,-39780,,,19
7.1,3,P,5,O,Задвижка,40340,-39920,40450,-39780,39
7.1,7,O,8,O,Участок теплопровода,40580,-39780,40630,-39780,46
7.10,0,P,1,P,Задвижка,40060,-39910,40120,-39910,7
7.10,1,P,2,P,Диафрагма,40120,-39910,40170,-39910,5
7.10,2,P,3,P,Участок теплопровода,40170,-39910,40220,-39910,13
7.10,4,P,5,P,Диафрагма,40290,-39910,40290,-39860,1
7.10,5,P,5,O,Теплообменник,40290,-39860,40290,-39760,12
7.10,3,O,1,O,Диафрагма,40170,-39700,40120,-39700,4
7.10,1,O,0,O,Задвижка,40120,-39700,40060,-39700,8
7.10,0,P,,,Манометр,40060,-39910,,,17
7.10,2,P,,,Манометр,40170,-39910,,,17
7.10,5,P,,,Манометр,40290,-39860,,,17
7.10,5,O,,,Манометр,40290,-39760,,,17
7.10,0,O,,,Манометр,40060,-39700,,,17
7.10,0,P,1,P,Расходомер,40060,-39910,40120,-39910,18
7.10,1,O,0,O,Расходомер,40120,-39700,40060,-39700,18
7.10,0,P,,,Термометр,40060,-39910,,,19
7.10,0,O,,,Термометр,40060,-39700,,,19
7.10,100000,P,,,Термометр,0,0,,,22
7.10,100000,P,,,Термометр,0,0,,,23
7.10,5,O,6,O,Задвижка,40290,-39760,40340,-39760,38
7.10,3,P,4,P,Задвижка,40220,-39910,40290,-39910,27
7.10,5,O,6,O,Расходомер,40290,-39760,40340,-39760,18
7.10,3,P,4,P,Расходомер,40220,-39910,40290,-39910,18
7.10,7,O,,,Термометр,40380,-39760,,,19
7.10,3,P,5,O,Задвижка,40220,-39910,40290,-39760,39
7.10,7,O,,,Узел подпитки,40380,-39760,,,41
7.10,4,O,3,O,Диафрагма,40380,-39700,40170,-39700,6
7.10,7,O,4,O,Участок теплопровода,40380,-39760,40380,-39700,43
7.10,4,O,,,Манометр,40380,-39700,,,17
7.10,4,O,3,O,Расходомер,40380,-39700,40170,-39700,18
7.10,7,O,,,Манометр,40380,-39760,,,17
7.10,5,O,3,O,Диафрагма,40290,-39760,40170,-39700,45
7.10,6,O,7,O,Участок теплопровода,40340,-39760,40380,-39760,46
7.10,100000,,,,Термометр,,,,,29
7.10,100000,,,,Термометр,,,,,30
7.10,100000,,,,Термометр,,,,,35
7.10,100000,P,100000,O,Расходомер,0,0,0,0,20
7.10,100000,P,100000,O,Расходомер,0,0,0,0,21
7.11,100000,,,,Термометр,40430,-39720,,,24
7.11,0,P,1,P,Задвижка,40100,-39930,40160,-39930,7
7.11,1,P,2,P,Диафрагма,40160,-39930,40200,-39930,5
7.11,2,P,3,P,Участок теплопровода,40200,-39930,40240,-39930,13
7.11,4,P,5,P,Диафрагма,40300,-39910,40300,-39880,1
7.11,5,P,5,O,Теплообменник,40300,-39880,40300,-39840,12
7.11,3,O,2,O,Участок теплопровода,40240,-39810,40200,-39810,14
7.11,2,O,1,O,Диафрагма,40200,-39810,40160,-39810,4
7.11,1,O,0,O,Задвижка,40160,-39810,40090,-39810,8
7.11,0,P,,,Манометр,40100,-39930,,,17
7.11,2,P,,,Манометр,40200,-39930,,,17
7.11,5,P,,,Манометр,40300,-39880,,,17
7.11,2,O,,,Манометр,40200,-39810,,,17
7.11,0,O,,,Манометр,40090,-39810,,,17
7.11,0,P,1,P,Расходомер,40100,-39930,40160,-39930,18
7.11,1,O,0,O,Расходомер,40160,-39810,40090,-39810,18
7.11,0,P,,,Термометр,40100,-39930,,,19
7.11,0,O,,,Термометр,40090,-39810,,,19
7.11,100000,P,,,Термометр,0,0,,,22
7.11,100000,P,,,Термометр,0,0,,,23
7.11,3,O,6,O,Задвижка,40240,-39810,40310,-39810,38
7.11,3,P,4,P,Задвижка,40240,-39930,40300,-39910,27
7.11,6,O,7,O,Диафрагма,40310,-39810,40350,-39810,37
7.11,3,O,6,O,Расходомер,40240,-39810,40310,-39810,18
7.11,3,P,4,P,Расходомер,40240,-39930,40300,-39910,18
7.11,7,O,,,Манометр,40350,-39810,,,17
7.11,8,O,,,Термометр,40380,-39810,,,19
7.11,3,P,3,O,Задвижка,40240,-39930,40240,-39810,39
7.11,8,O,,,Узел подпитки,40380,-39810,,,41
7.11,8,O,,,Манометр,40380,-39810,,,17
7.11,7,O,8,O,Участок теплопровода,40350,-39810,40380,-39810,46
7.11,3,P,9,P,Задвижка,40240,-39930,40320,-39920,48
7.11,9,P,10,P,Диафрагма,40320,-39920,40320,-39880,2
7.11,10,P,10,O,Калориферная установка,40320,-39880,40320,-39830,9
7.11,10,O,3,O,Участок теплопровода,40320,-39830,40240,-39810,47117
7.11,3,P,9,P,Расходомер,40240,-39930,40320,-39920,18
7.11,10,P,,,Манометр,40320,-39880,,,17
7.11,10,O,,,Термометр,40320,-39830,,,19
7.11,5,O,3,O,Участок теплопровода,40300,-39840,40240,-39810,47118
7.11,100000,P,100000,O,Расходомер,0,0,0,0,21
7.11,100000,,,,Термометр,,,,,29
7.11,100000,,,,Термометр,,,,,30
7.11,100000,P,100000,O,Расходомер,0,0,0,0,20
7.11,100000,,,,Термометр,,,,,35
7.11,5,O,,,Термометр,40300,-39840,,,19
7.12,5,O,,,Термометр,40460,-39760,,,19
7.12,100000,P,,,Термометр,0,0,,,24
7.12,0,P,1,P,Задвижка,40120,-39940,40180,-39940,7
7.12,1,P,2,P,Диафрагма,40180,-39940,40250,-39940,5
7.12,2,P,3,P,Участок теплопровода,40250,-39940,40320,-39940,13
7.12,4,P,5,P,Диафрагма,40460,-39920,40460,-39880,1
7.12,5,P,5,O,Теплообменник,40460,-39880,40460,-39760,12
7.12,2,O,1,O,Диафрагма,40270,-39730,40180,-39730,4
7.12,1,O,0,O,Задвижка,40180,-39730,40120,-39730,8
7.12,0,P,,,Манометр,40120,-39940,,,17
7.12,2,P,,,Манометр,40250,-39940,,,17
7.12,5,P,,,Манометр,40460,-39880,,,17
7.12,3,O,,,Манометр,40320,-39730,,,17
7.12,0,O,,,Манометр,40120,-39730,,,17
7.12,0,P,1,P,Расходомер,40120,-39940,40180,-39940,18
7.12,1,O,0,O,Расходомер,40180,-39730,40120,-39730,18
7.12,0,P,,,Термометр,40120,-39940,,,19
7.12,0,O,,,Термометр,40120,-39730,,,19
7.12,100000,P,,,Термометр,0,0,,,22
7.12,100000,P,,,Термометр,0,0,,,23
7.12,3,O,6,O,Задвижка,40320,-39730,40440,-39730,38
7.12,3,P,4,P,Задвижка,40320,-39940,40460,-39920,27
7.12,3,O,6,O,Расходомер,40320,-39730,40440,-39730,18
7.12,3,P,4,P,Расходомер,40320,-39940,40460,-39920,18
7.12,7,O,,,Термометр,40480,-39730,,,19
7.12,3,P,3,O,Задвижка,40320,-39940,40320,-39730,39
7.12,7,O,,,Узел подпитки,40480,-39730,,,41
7.12,4,O,2,O,Диафрагма,40270,-39650,40270,-39730,6
7.12,7,O,4,O,Участок теплопровода,40480,-39730,40270,-39650,43
7.12,4,O,,,Манометр,40270,-39650,,,17
7.12,4,O,2,O,Расходомер,40270,-39650,40270,-39730,18
7.12,7,O,,,Манометр,40480,-39730,,,17
7.12,3,O,2,O,Диафрагма,40320,-39730,40270,-39730,45
7.12,6,O,7,O,Участок теплопровода,40440,-39730,40480,-39730,46
7.12,5,O,3,O,Участок теплопровода,40460,-39760,40320,-39730,47119
7.12,3,P,9,P,Задвижка,40320,-39940,40400,-39900,48
7.12,9,P,10,P,Диафрагма,40400,-39900,40400,-39820,2
7.12,10,P,10,O,Калориферная установка,40400,-39820,40400,-39760,9
7.12,10,O,3,O,Участок теплопровода,40400,-39760,40320,-39730,47120
7.12,3,P,9,P,Расходомер,40320,-39940,40400,-39900,18
7.12,10,P,,,Манометр,40400,-39820,,,17
7.12,10,O,,,Термометр,40400,-39760,,,19
7.12,100000,P,100000,O,Расходомер,0,0,0,0,21
7.12,100000,,,,Термометр,,,,,29
7.12,100000,,,,Термометр,,,,,30
7.12,100000,P,100000,O,Расходомер,0,0,0,0,20
7.12,100000,,,,Термометр,,,,,35

7.2,0,P,1,P,Задвижка,40120,-39890,40190,-39890,7
7.2,1,P,2,P,Диафрагма,40190,-39890,40250,-39890,5
7.2,2,P,3,P,Участок теплопровода,40250,-39890,40300,-39890,13
7.2,4,P,5,P,Диафрагма,40370,-39890,40410,-39890,1
7.2,5,P,5,O,Радиаторы системы отопления,40410,-39890,40320,-39790,16
7.2,1,O,0,O,Задвижка,40180,-39790,40120,-39790,8
7.2,0,P,,,Манометр,40120,-39890,,,17
7.2,2,P,,,Манометр,40250,-39890,,,17
7.2,5,P,,,Манометр,40410,-39890,,,17
7.2,5,O,,,Манометр,40320,-39790,,,17
7.2,0,O,,,Манометр,40120,-39790,,,17
7.2,0,P,1,P,Расходомер,40120,-39890,40190,-39890,18
7.2,1,O,0,O,Расходомер,40180,-39790,40120,-39790,18
7.2,0,P,,,Термометр,40120,-39890,,,19
7.2,0,O,,,Термометр,40120,-39790,,,19
7.2,100000,P,,,Термометр,0,0,,,22
7.2,100000,P,,,Термометр,0,0,,,23
7.2,5,O,6,O,Задвижка,40320,-39790,40490,-39790,38
7.2,3,P,4,P,Задвижка,40300,-39890,40370,-39890,27
7.2,5,O,6,O,Расходомер,40320,-39790,40490,-39790,18
7.2,3,P,4,P,Расходомер,40300,-39890,40370,-39890,18
7.2,7,O,,,Термометр,40570,-39680,,,19
7.2,3,P,5,O,Задвижка,40300,-39890,40320,-39790,39
7.2,7,O,,,Узел подпитки,40570,-39680,,,41
7.2,4,O,3,O,Диафрагма,40320,-39680,40250,-39790,6
7.2,7,O,4,O,Участок теплопровода,40570,-39680,40320,-39680,43
7.2,4,O,,,Манометр,40320,-39680,,,17
7.2,4,O,5,O,Расходомер,40320,-39680,40320,-39790,18
7.2,6,O,7,O,Участок теплопровода,40490,-39790,40570,-39680,46
7.2,3,O,1,O,Диафрагма,40250,-39790,40180,-39790,4
7.2,5,O,3,O,Диафрагма,40320,-39790,40250,-39790,45
7.2,7,O,,,Манометр,40570,-39680,,,17

7.3,5,O,,,Термометр,40640,-39900,,,19
7.3,100000,,,,Термометр,40430,-39720,,,24
7.3,0,P,1,P,Задвижка,40100,-39930,40160,-39930,7
7.3,1,P,2,P,Диафрагма,40160,-39930,40200,-39930,5
7.3,2,P,3,P,Участок теплопровода,40200,-39930,40240,-39930,13
7.3,4,P,5,P,Диафрагма,40310,-39930,40380,-39930,1
7.3,5,P,5,O,Радиаторы системы отопления,40380,-39930,40380,-39810,16
7.3,3,O,2,O,Участок теплопровода,40380,-39810,40240,-39810,14
7.3,2,O,1,O,Диафрагма,40240,-39810,40160,-39810,4
7.3,1,O,0,O,Задвижка,40160,-39810,40090,-39810,8
7.3,0,P,,,Манометр,40100,-39930,,,17
7.3,2,P,,,Манометр,40200,-39930,,,17
7.3,5,P,,,Манометр,40380,-39930,,,17
7.3,2,O,,,Манометр,40380,-39810,,,17
7.3,0,O,,,Манометр,40090,-39810,,,17
7.3,0,P,1,P,Расходомер,40100,-39930,40160,-39930,18
7.3,1,O,0,O,Расходомер,40160,-39810,40090,-39810,18
7.3,0,P,,,Термометр,40100,-39930,,,19
7.3,0,O,,,Термометр,40090,-39810,,,19
7.3,100000,P,,,Термометр,0,0,,,22
7.3,100000,P,,,Термометр,0,0,,,23
7.3,3,O,6,O,Задвижка,40380,-39810,40440,-39810,38
7.3,3,P,4,P,Задвижка,40240,-39930,40310,-39930,27
7.3,6,O,7,O,Диафрагма,40440,-39810,40490,-39810,37
7.3,3,O,6,O,Расходомер,40380,-39810,40440,-39810,18
7.3,3,P,4,P,Расходомер,40240,-39930,40310,-39930,18
7.3,7,O,,,Манометр,40490,-39810,,,17
7.3,8,O,,,Термометр,40530,-39810,,,19
7.3,3,P,3,O,Задвижка,40240,-39930,40380,-39810,39
7.3,8,O,,,Узел подпитки,40530,-39810,,,41
7.3,8,O,,,Манометр,40530,-39810,,,17
7.3,7,O,8,O,Участок теплопровода,40490,-39810,40530,-39810,46
7.3,3,P,9,P,Задвижка,40240,-39930,40400,-39940,48
7.3,9,P,10,P,Диафрагма,40400,-39940,40510,-39940,2
7.3,10,P,10,O,Калориферная установка,40510,-39940,40510,-39850,9
7.3,10,O,3,O,Участок теплопровода,40510,-39850,40380,-39810,47121
7.3,3,P,9,P,Расходомер,40240,-39930,40400,-39940,18
7.3,10,P,,,Манометр,40510,-39940,,,17
7.3,10,O,,,Термометр,40510,-39850,,,19
7.3,5,O,3,O,Участок теплопровода,40510,-39850,40380,-39810,47122

7.4,100000,P,,,Термометр,40430,-39720,,,24
7.4,0,P,1,P,Задвижка,40120,-39900,40180,-39900,7
7.4,1,P,2,P,Диафрагма,40180,-39900,40250,-39900,5
7.4,2,P,3,P,Участок теплопровода,40250,-39900,40310,-39900,13
7.4,4,P,5,P,Диафрагма,40340,-39900,40400,-39900,1
7.4,5,P,5,O,Радиаторы системы отопления,40400,-39900,40400,-39730,16
7.4,2,O,1,O,Диафрагма,40330,-39730,40180,-39730,4
7.4,1,O,0,O,Задвижка,40180,-39730,40120,-39730,8
7.4,0,P,,,Манометр,40120,-39900,,,17
7.4,2,P,,,Манометр,40250,-39900,,,17
7.4,5,P,,,Манометр,40400,-39900,,,17
7.4,5,O,,,Манометр,40400,-39730,,,17
7.4,0,O,,,Манометр,40120,-39730,,,17
7.4,0,P,1,P,Расходомер,40120,-39900,40180,-39900,18
7.4,1,O,0,O,Расходомер,40180,-39730,40120,-39730,18
7.4,0,P,,,Термометр,40120,-39900,,,19
7.4,0,O,,,Термометр,40120,-39730,,,19
7.4,100000,P,,,Термометр,0,0,,,22
7.4,100000,P,,,Термометр,0,0,,,23
7.4,5,O,6,O,Задвижка,40400,-39730,40530,-39730,38
7.4,3,P,4,P,Задвижка,40310,-39900,40340,-39900,27
7.4,5,O,6,O,Расходомер,40400,-39730,40530,-39730,18
7.4,3,P,4,P,Расходомер,40310,-39900,40340,-39900,18
7.4,7,O,,,Термометр,40640,-39660,,,19
7.4,7,O,,,Узел подпитки,40640,-39660,,,41
7.4,4,O,2,O,Диафрагма,40330,-39660,40330,-39730,6
7.4,7,O,4,O,Участок теплопровода,40640,-39660,40330,-39660,43
7.4,4,O,,,Манометр,40330,-39660,,,17
7.4,4,O,2,O,Расходомер,40330,-39660,40330,-39730,18
7.4,7,O,,,Манометр,40640,-39660,,,17
7.4,5,O,2,O,Диафрагма,40400,-39730,40330,-39730,45
7.4,6,O,7,O,Участок теплопровода,40530,-39730,40640,-39660,46
7.4,3,P,9,P,Задвижка,40310,-39900,40400,-39940,48
7.4,9,P,10,P,Диафрагма,40400,-39940,40510,-39940,2
7.4,10,P,10,O,Калориферная установка,40510,-39940,40510,-39760,9
7.4,10,O,5,O,Участок теплопровода,40510,-39760,40400,-39730,47123
7.4,3,P,9,P,Расходомер,40310,-39900,40400,-39940,18
7.4,10,P,,,Манометр,40510,-39940,,,17
7.4,10,O,,,Термометр,40510,-39760,,,19
7.4,5,O,,,Термометр,40400,-39730,,,19


7.5,2,O,1,O,Диафрагма,40240,-39760,40160,-39760,4
7.5,8,O,,,Манометр,40470,-39710,,,17
7.5,7,O,8,O,Участок теплопровода,40410,-39710,40470,-39710,46
7.5,100000,P,,,Термометр,0,0,,,34
7.5,0,P,1,P,Задвижка,40090,-39930,40160,-39930,7
7.5,1,P,2,P,Диафрагма,40160,-39930,40200,-39930,5
7.5,2,P,3,P,Участок теплопровода,40200,-39930,40240,-39930,13
7.5,4,P,5,P,Диафрагма,40360,-39930,40360,-39870,1
7.5,5,P,5,O,Элеватор,40360,-39870,40360,-39760,15
7.5,5,O,2,O,Участок теплопровода,40360,-39760,40240,-39760,14
7.5,1,O,0,O,Задвижка,40160,-39760,40090,-39760,8
7.5,0,P,,,Манометр,40090,-39930,,,17
7.5,2,P,,,Манометр,40200,-39930,,,17
7.5,5,P,,,Манометр,40360,-39870,,,17
7.5,2,O,,,Манометр,40240,-39760,,,17
7.5,0,O,,,Манометр,40090,-39760,,,17
7.5,0,P,1,P,Расходомер,40090,-39930,40160,-39930,18
7.5,1,O,0,O,Расходомер,40160,-39760,40090,-39760,18
7.5,0,P,,,Термометр,40090,-39930,,,19
7.5,0,O,,,Термометр,40090,-39760,,,19
7.5,100000,P,,,Термометр,0,0,,,22
7.5,100000,P,,,Термометр,0,0,,,23
7.5,5,O,6,O,Задвижка,40360,-39760,40360,-39710,38
7.5,3,P,4,P,Задвижка,40240,-39930,40360,-39930,27
7.5,6,O,7,O,Диафрагма,40360,-39710,40410,-39710,37
7.5,5,O,6,O,Расходомер,40360,-39760,40360,-39710,18
7.5,3,P,4,P,Расходомер,40240,-39930,40360,-39930,18
7.5,7,O,,,Манометр,40410,-39710,,,17
7.5,8,O,,,Термометр,40470,-39710,,,19
7.5,3,P,5,O,Задвижка,40240,-39930,40360,-39760,39
7.5,100000,P,100000,O,Расходомер,0,0,0,0,25
7.5,100000,P,,,Манометр,0,0,,,32
7.5,8,O,,,Узел подпитки,40470,-39710,,,41
7.6,100000,P,100000,O,Расходомер,0,0,0,0,25
7.6,100000,P,,,Манометр,0,0,,,32
7.6,0,P,1,P,Задвижка,40120,-39900,40180,-39900,7
7.6,1,P,2,P,Диафрагма,40180,-39900,40250,-39900,5
7.6,2,P,3,P,Участок теплопровода,40250,-39900,40310,-39900,13
7.6,4,P,5,P,Диафрагма,40340,-39900,40400,-39900,1
7.6,5,P,5,O,Элеватор,40400,-39900,40400,-39730,15
7.6,3,O,1,O,Диафрагма,40330,-39730,40180,-39730,4
7.6,1,O,0,O,Задвижка,40180,-39730,40120,-39730,8
7.6,0,P,,,Манометр,40120,-39900,,,17
7.6,2,P,,,Манометр,40250,-39900,,,17
7.6,5,P,,,Манометр,40400,-39900,,,17
7.6,5,O,,,Манометр,40400,-39730,,,17
7.6,0,O,,,Манометр,40120,-39730,,,17
7.6,0,P,1,P,Расходомер,40120,-39900,40180,-39900,18
7.6,1,O,0,O,Расходомер,40180,-39730,40120,-39730,18
7.6,0,P,,,Термометр,40120,-39900,,,19
7.6,0,O,,,Термометр,40120,-39730,,,19
7.6,100000,P,,,Термометр,0,0,,,22
7.6,100000,P,,,Термометр,0,0,,,23
7.6,5,O,6,O,Задвижка,40400,-39730,40500,-39730,38
7.6,3,P,4,P,Задвижка,40310,-39900,40340,-39900,27
7.6,5,O,6,O,Расходомер,40400,-39730,40500,-39730,18
7.6,3,P,4,P,Расходомер,40310,-39900,40340,-39900,18
7.6,7,O,,,Термометр,40570,-39730,,,19
7.6,3,P,5,O,Задвижка,40310,-39900,40400,-39730,39
7.6,7,O,,,Узел подпитки,40570,-39730,,,41
7.6,4,O,3,O,Диафрагма,40330,-39660,40330,-39730,6
7.6,7,O,4,O,Участок теплопровода,40570,-39730,40330,-39660,43
7.6,4,O,,,Манометр,40330,-39660,,,17
7.6,4,O,3,O,Расходомер,40330,-39660,40330,-39730,18
7.6,7,O,,,Манометр,40570,-39730,,,17
7.6,5,O,3,O,Диафрагма,40400,-39730,40330,-39730,45
7.6,6,O,7,O,Участок теплопровода,40500,-39730,40570,-39730,46
7.6,100000,P,,,Термометр,0,0,,,34
7.7,0,P,1,P,Задвижка,40060,-39940,40120,-39940,7
7.7,1,P,2,P,Диафрагма,40120,-39940,40170,-39940,5
7.7,2,P,3,P,Участок теплопровода,40170,-39940,40220,-39940,13
7.7,4,P,5,P,Диафрагма,40280,-39910,40280,-39880,1
7.7,5,P,5,O,Элеватор,40280,-39880,40280,-39810,15
7.7,3,O,2,O,Участок теплопровода,40220,-39770,40170,-39770,14
7.7,2,O,1,O,Диафрагма,40170,-39770,40120,-39770,4
7.7,1,O,0,O,Задвижка,40120,-39770,40060,-39770,8
7.7,0,P,,,Манометр,40060,-39940,,,17
7.7,2,P,,,Манометр,40170,-39940,,,17
7.7,5,P,,,Манометр,40280,-39880,,,17
7.7,2,O,,,Манометр,40170,-39770,,,17
7.7,0,O,,,Манометр,40060,-39770,,,17
7.7,0,P,1,P,Расходомер,40060,-39940,40120,-39940,18
7.7,1,O,0,O,Расходомер,40120,-39770,40060,-39770,18
7.7,0,P,,,Термометр,40060,-39940,,,19
7.7,0,O,,,Термометр,40060,-39770,,,19
7.7,100000,P,,,Термометр,0,0,,,22
7.7,100000,P,,,Термометр,0,0,,,23
7.7,3,O,6,O,Задвижка,40220,-39770,40310,-39770,38
7.7,3,P,4,P,Задвижка,40220,-39940,40280,-39910,27
7.7,6,O,7,O,Диафрагма,40310,-39770,40360,-39770,37
7.7,3,O,6,O,Расходомер,40220,-39770,40310,-39770,18
7.7,3,P,4,P,Расходомер,40220,-39940,40280,-39910,18
7.7,7,O,,,Манометр,40360,-39770,,,17
7.7,8,O,,,Термометр,40400,-39770,,,19
7.7,3,P,3,O,Задвижка,40220,-39940,40220,-39770,39
7.7,100000,P,100000,O,Расходомер,0,0,0,0,25
7.7,100000,P,,,Манометр,0,0,,,32
7.7,8,O,,,Узел подпитки,40400,-39770,,,41
7.7,8,O,,,Манометр,40400,-39770,,,17
7.7,7,O,8,O,Участок теплопровода,40360,-39770,40400,-39770,46
7.7,100000,P,,,Термометр,0,0,,,34
7.7,3,P,9,P,Задвижка,40220,-39940,40310,-39930,48
7.7,9,P,10,P,Диафрагма,40310,-39930,40310,-39880,2
7.7,10,P,10,O,Калориферная установка,40310,-39880,40310,-39790,9
7.7,10,O,3,O,Участок теплопровода,40310,-39790,40220,-39770,47124
7.7,3,P,9,P,Расходомер,40220,-39940,40310,-39930,18
7.7,10,P,,,Манометр,40310,-39880,,,17
7.7,10,O,,,Термометр,40310,-39790,,,19
7.7,5,O,3,O,Участок теплопровода,40280,-39810,40220,-39770,47125
7.7,100000,,,,Термометр,40430,-39720,,,24
7.7,5,O,,,Термометр,40280,-39810,,,19
7.8,5,O,,,Термометр,40370,-39770,,,19
7.8,100000,P,,,Термометр,0,0,,,24
7.8,5,O,3,O,Участок теплопровода,40370,-39770,40310,-39730,47126
7.8,3,P,9,P,Задвижка,40310,-39900,40410,-39890,48
7.8,9,P,10,P,Диафрагма,40410,-39890,40410,-39840,2
7.8,10,P,10,O,Калориферная установка,40410,-39840,40410,-39760,9
7.8,10,O,3,O,Участок теплопровода,40410,-39760,40310,-39730,47127
7.8,3,P,9,P,Расходомер,40310,-39900,40410,-39890,18
7.8,10,P,,,Манометр,40410,-39840,,,17
7.8,10,O,,,Термометр,40410,-39760,,,19
7.8,100000,P,100000,O,Расходомер,0,0,0,0,25
7.8,100000,P,,,Манометр,0,0,,,32
7.8,0,P,1,P,Задвижка,40120,-39900,40180,-39900,7
7.8,1,P,2,P,Диафрагма,40180,-39900,40250,-39900,5
7.8,2,P,3,P,Участок теплопровода,40250,-39900,40310,-39900,13
7.8,4,P,5,P,Диафрагма,40370,-39880,40370,-39840,1
7.8,5,P,5,O,Элеватор,40370,-39840,40370,-39770,15
7.8,2,O,1,O,Диафрагма,40240,-39730,40180,-39730,4
7.8,1,O,0,O,Задвижка,40180,-39730,40120,-39730,8
7.8,0,P,,,Манометр,40120,-39900,,,17
7.8,2,P,,,Манометр,40250,-39900,,,17
7.8,5,P,,,Манометр,40370,-39840,,,17
7.8,3,O,,,Манометр,40310,-39730,,,17
7.8,0,O,,,Манометр,40120,-39730,,,17
7.8,0,P,1,P,Расходомер,40120,-39900,40180,-39900,18
7.8,1,O,0,O,Расходомер,40180,-39730,40120,-39730,18
7.8,0,P,,,Термометр,40120,-39900,,,19
7.8,0,O,,,Термометр,40120,-39730,,,19
7.8,100000,P,,,Термометр,0,0,,,22
7.8,100000,P,,,Термометр,0,0,,,23
7.8,3,O,6,O,Задвижка,40310,-39730,40410,-39730,38
7.8,3,P,4,P,Задвижка,40310,-39900,40370,-39880,27
7.8,3,O,6,O,Расходомер,40310,-39730,40410,-39730,18
7.8,3,P,4,P,Расходомер,40310,-39900,40370,-39880,18
7.8,7,O,,,Термометр,40460,-39730,,,19
7.8,3,P,3,O,Задвижка,40310,-39900,40310,-39730,39
7.8,7,O,,,Узел подпитки,40460,-39730,,,41
7.8,4,O,2,O,Диафрагма,40240,-39680,40240,-39730,6
7.8,7,O,4,O,Участок теплопровода,40460,-39730,40240,-39680,43
7.8,4,O,,,Манометр,40240,-39680,,,17
7.8,4,O,2,O,Расходомер,40240,-39680,40240,-39730,18
7.8,7,O,,,Манометр,40460,-39730,,,17
7.8,3,O,2,O,Диафрагма,40310,-39730,40240,-39730,45
7.8,6,O,7,O,Участок теплопровода,40410,-39730,40460,-39730,46
7.8,100000,P,,,Термометр,0,0,,,34
7.9,5,P,,,Манометр,40380,-39920,,,17
7.9,5,O,,,Манометр,40380,-39830,,,17
7.9,0,O,,,Манометр,40100,-39830,,,17
7.9,0,P,1,P,Расходомер,40110,-39920,40190,-39920,18
7.9,1,O,0,O,Расходомер,40190,-39830,40100,-39830,18
7.9,0,P,,,Термометр,40110,-39920,,,19
7.9,0,O,,,Термометр,40100,-39830,,,19
7.9,100000,P,,,Термометр,0,0,,,22
7.9,100000,P,,,Термометр,0,0,,,23
7.9,5,O,6,O,Задвижка,40380,-39830,40430,-39830,38
7.9,3,P,4,P,Задвижка,40280,-39920,40340,-39920,27
7.9,6,O,7,O,Диафрагма,40430,-39830,40480,-39830,37
7.9,5,O,6,O,Расходомер,40380,-39830,40430,-39830,18
7.9,3,P,4,P,Расходомер,40280,-39920,40340,-39920,18
7.9,7,O,,,Манометр,40480,-39830,,,17
7.9,8,O,,,Термометр,40520,-39870,,,19
7.9,3,P,5,O,Задвижка,40280,-39920,40380,-39830,39
7.9,8,O,,,Узел подпитки,40520,-39870,,,41
7.9,8,O,,,Манометр,40520,-39870,,,17
7.9,7,O,8,O,Участок теплопровода,40480,-39830,40520,-39870,46
7.9,100000,P,100000,O,Расходомер,0,0,0,0,21
7.9,100000,,,,Термометр,,,,,29
7.9,100000,,,,Термометр,,,,,30
7.9,100000,P,100000,O,Расходомер,0,0,0,0,20
7.9,100000,,,,Термометр,,,,,35
7.9,0,P,1,P,Задвижка,40110,-39920,40190,-39920,7
7.9,1,P,2,P,Диафрагма,40190,-39920,40250,-39920,5
7.9,2,P,3,P,Участок теплопровода,40250,-39920,40280,-39920,13
7.9,4,P,5,P,Диафрагма,40340,-39920,40380,-39920,1
7.9,5,P,5,O,Теплообменник,40380,-39920,40380,-39830,12
7.9,5,O,3,O,Участок теплопровода,40380,-39830,40260,-39830,14
7.9,3,O,1,O,Диафрагма,40260,-39830,40190,-39830,4
7.9,1,O,0,O,Задвижка,40190,-39830,40100,-39830,8
7.9,0,P,,,Манометр,40110,-39920,,,17
7.9,2,P,,,Манометр,40250,-39920,,,17
C15.1,0,P,1,P,Задвижка,40130,-39960,40200,-39960,7
C15.1,1,P,2,P,Диафрагма,40200,-39960,40260,-39960,5
C15.1,2,P,3,P,Участок теплопровода,40260,-39960,40320,-39960,13
C15.1,3,P,4,P,Диафрагма,40320,-39960,40380,-39960,1
C15.1,4,P,6,P,Теплообменник,40380,-39960,40450,-39960,11
C15.1,500101,O,2,O,Участок теплопровода,40560,-39760,40320,-39760,14
C15.1,2,O,1,O,Диафрагма,40320,-39760,40230,-39760,4
C15.1,1,O,0,O,Задвижка,40230,-39760,40130,-39760,8
C15.1,0,P,,,Термометр,40130,-39960,,,19
C15.1,0,P,,,Манометр,40130,-39960,,,17
C15.1,0,O,,,Термометр,40130,-39760,,,19
C15.1,0,O,,,Манометр,40130,-39760,,,17
C15.1,0,P,1,P,Расходомер,40130,-39960,40200,-39960,18
C15.1,2,P,,,Манометр,40260,-39960,,,17
C15.1,4,P,,,Манометр,40380,-39960,,,17
C15.1,500101,P,,,Манометр,40560,-39960,,,17
C15.1,500101,P,,,Термометр,40560,-39960,,,19
C15.1,2,O,,,Манометр,40320,-39760,,,17
C15.1,100000,P,100000,O,Расходомер,0,0,0,0,26
C15.1,100000,O,,,Термометр,0,0,,,31
C15.1,100000,O,,,Термометр,0,0,,,33
C15.1,100000,P,,,Термометр,0,0,,,23
C15.1,6,P,500101,P,Задвижка,40450,-39960,40560,-39960,49
C15.1,6,P,500101,O,Задвижка,40450,-39960,40560,-39760,50
C15.1,500101,P,,,Манометр,40560,-39960,,,17
C15.1,6,P,,,Термометр,40450,-39960,,,19
C15.2,0,P,1,P,Задвижка,40060,-39940,40120,-39940,7
C15.2,1,P,2,P,Диафрагма,40120,-39940,40190,-39940,5
C15.2,2,P,3,P,Участок теплопровода,40190,-39940,40260,-39940,13
C15.2,3,P,4,P,Диафрагма,40260,-39940,40260,-39880,1
C15.2,4,P,6,P,Теплообменник,40260,-39880,40260,-39800,11
C15.2,500101,O,2,O,Участок теплопровода,40320,-39710,40190,-39710,14
C15.2,2,O,1,O,Диафрагма,40190,-39710,40120,-39710,4
C15.2,1,O,0,O,Задвижка,40120,-39710,40060,-39710,8
C15.2,0,P,,,Термометр,40060,-39940,,,19
C15.2,0,P,,,Манометр,40060,-39940,,,17
C15.2,0,O,,,Термометр,40060,-39710,,,19
C15.2,0,O,,,Манометр,40060,-39710,,,17
C15.2,0,P,1,P,Расходомер,40060,-39940,40120,-39940,18
C15.2,2,P,,,Манометр,40190,-39940,,,17
C15.2,4,P,,,Манометр,40260,-39880,,,17
C15.2,500101,P,,,Манометр,40320,-39800,,,17
C15.2,500101,O,,,Манометр,40320,-39710,,,17
C15.2,500101,P,,,Термометр,40320,-39800,,,19
C15.2,500101,O,,,Термометр,40320,-39710,,,19
C15.2,2,O,,,Манометр,40190,-39710,,,17
C15.2,100000,P,100000,O,Расходомер,0,0,0,0,26
C15.2,100000,O,,,Термометр,0,0,,,31
C15.2,100000,P,,,Термометр,0,0,,,23
C15.2,100000,P,100000,O,Расходомер,0,0,0,0,42
C15.2,6,P,500101,P,Задвижка,40260,-39800,40320,-39800,49
C15.2,6,P,500101,O,Задвижка,40260,-39800,40320,-39710,50
C15.2,500101,P,,,Манометр,40320,-39800,,,17
C15.3,0,P,1,P,Задвижка,40060,-39970,40130,-39970,7
C15.3,1,P,2,P,Диафрагма,40130,-39970,40200,-39970,5
C15.3,2,P,3,P,Участок теплопровода,40200,-39970,40290,-39970,13
C15.3,3,P,4,P,Диафрагма,40290,-39970,40390,-39970,1
C15.3,4,P,6,P,Теплообменник,40390,-39970,40390,-39890,11
C15.3,500101,O,2,O,Участок теплопровода,40290,-39640,40230,-39640,14
C15.3,2,O,1,O,Диафрагма,40230,-39640,40160,-39640,4
C15.3,1,O,0,O,Задвижка,40160,-39640,40080,-39640,8
C15.3,0,P,,,Термометр,40060,-39970,,,19
C15.3,0,P,,,Манометр,40060,-39970,,,17
C15.3,0,O,,,Термометр,40080,-39640,,,19
C15.3,0,O,,,Манометр,40080,-39640,,,17
C15.3,0,P,1,P,Расходомер,40060,-39970,40130,-39970,18
C15.3,2,P,,,Манометр,40200,-39970,,,17
C15.3,4,P,,,Манометр,40390,-39970,,,17
C15.3,500101,P,,,Манометр,40480,-39790,,,17
C15.3,500101,O,,,Манометр,40390,-39700,,,17
C15.3,500101,P,,,Термометр,40480,-39790,,,19
C15.3,500101,O,,,Термометр,40390,-39700,,,19
C15.3,2,O,,,Манометр,40230,-39640,,,17
C15.3,100000,P,100000,O,Расходомер,0,0,0,0,26
C15.3,100000,O,,,Термометр,0,0,,,31
C15.3,100000,P,,,Термометр,0,0,,,23
C15.3,6,P,500101,P,Задвижка,40390,-39890,40480,-39790,49
C15.3,6,P,500101,O,Задвижка,40390,-39890,40390,-39700,50
C15.3,500101,O,7,O,Участок теплопровода,40390,-39700,40290,-39700,47128
C15.3,3,P,8,P,Задвижка,40290,-39970,40290,-39890,48
C15.3,8,P,9,P,Диафрагма,40290,-39890,40290,-39820,2
C15.3,9,P,9,O,Калориферная установка,40290,-39820,40290,-39750,9
C15.3,9,O,7,O,Участок теплопровода,40290,-39750,40290,-39700,47129
C15.3,3,P,8,P,Расходомер,40290,-39970,40290,-39890,18
C15.3,9,P,,,Манометр,40290,-39820,,,17
C15.3,9,O,,,Термометр,40290,-39750,,,19
C15.3,100000,P,,,Термометр,40430,-39720,,,24
C15.3,500101,P,,,Манометр,,,,,17
C15.4,0,P,1,P,Задвижка,40050,-39930,40120,-39930,7
C15.4,1,P,2,P,Диафрагма,40120,-39930,40200,-39930,5
C15.4,2,P,3,P,Участок теплопровода,40200,-39930,40260,-39930,13
C15.4,3,P,4,P,Диафрагма,40260,-39930,40210,-39880,1
C15.4,4,P,6,P,Теплообменник,40210,-39880,40210,-39800,11
C15.4,500101,O,2,O,Участок теплопровода,40280,-39680,40200,-39680,14
C15.4,2,O,1,O,Диафрагма,40200,-39680,40120,-39680,4
C15.4,1,O,0,O,Задвижка,40120,-39680,40050,-39680,8
C15.4,0,P,,,Термометр,40050,-39930,,,19
C15.4,0,P,,,Манометр,40050,-39930,,,17
C15.4,0,O,,,Термометр,40050,-39680,,,19
C15.4,0,O,,,Манометр,40050,-39680,,,17
C15.4,0,P,1,P,Расходомер,40050,-39930,40120,-39930,18
C15.4,2,P,,,Манометр,40200,-39930,,,17
C15.4,4,P,,,Манометр,40210,-39880,,,17
C15.4,500101,P,,,Манометр,40280,-39800,,,17
C15.4,500101,O,,,Манометр,40280,-39680,,,17
C15.4,500101,P,,,Термометр,40280,-39800,,,19
C15.4,500101,O,,,Термометр,40280,-39680,,,19
C15.4,2,O,,,Манометр,40200,-39680,,,17
C15.4,100000,P,100000,O,Расходомер,0,0,0,0,26
C15.4,100000,O,,,Термометр,0,0,,,31
C15.4,100000,P,,,Термометр,0,0,,,23
C15.4,6,P,500101,P,Задвижка,40210,-39800,40280,-39800,49
C15.4,6,P,500101,O,Задвижка,40210,-39800,40280,-39680,50
C15.4,500101,O,7,O,Участок теплопровода,40280,-39680,40320,-39680,47130
C15.4,3,P,8,P,Задвижка,40260,-39930,40320,-39880,48
C15.4,8,P,9,P,Диафрагма,40320,-39880,40320,-39820,2
C15.4,9,P,9,O,Калориферная установка,40320,-39820,40320,-39770,9
C15.4,9,O,7,O,Участок теплопровода,40320,-39770,40320,-39680,47131
C15.4,3,P,8,P,Расходомер,40260,-39930,40320,-39880,18
C15.4,9,P,,,Манометр,40320,-39820,,,17
C15.4,9,O,,,Термометр,40320,-39770,,,19
C15.4,100000,P,100000,O,Расходомер,0,0,0,0,42
C15.4,100000,P,,,Термометр,0,0,,,24
C15.4,500101,P,,,Манометр,40280,-39800,,,17
C5.1,0,P,1,P,Задвижка,40130,-39960,40200,-39960,7
C5.1,1,P,2,P,Диафрагма,40200,-39960,40260,-39960,5
C5.1,2,P,3,P,Участок теплопровода,40260,-39960,40320,-39960,13
C5.1,3,P,4,P,Диафрагма,40320,-39960,40380,-39960,1
C5.1,4,P,6,P,Теплообменник,40380,-39960,40450,-39960,11
C5.1,500101,O,3,O,Теплообменник,40560,-39760,40380,-39760,10
C5.1,3,O,2,O,Участок теплопровода,40380,-39760,40320,-39760,14
C5.1,2,O,1,O,Диафрагма,40320,-39760,40230,-39760,4
C5.1,1,O,0,O,Задвижка,40230,-39760,40130,-39760,8
C5.1,0,P,,,Термометр,40130,-39960,,,19
C5.1,0,P,,,Манометр,40130,-39960,,,17
C5.1,0,O,,,Термометр,40130,-39760,,,19
C5.1,0,O,,,Манометр,40130,-39760,,,17
C5.1,0,P,1,P,Расходомер,40130,-39960,40200,-39960,18
C5.1,2,P,,,Манометр,40260,-39960,,,17
C5.1,4,P,,,Манометр,40380,-39960,,,17
C5.1,500101,P,,,Манометр,40560,-39960,,,17
C5.1,500101,O,,,Манометр,40560,-39760,,,17
C5.1,500101,P,,,Термометр,40560,-39960,,,19
C5.1,500101,O,,,Термометр,40560,-39760,,,19
C5.1,2,O,,,Манометр,40320,-39760,,,17
C5.1,100000,P,100000,O,Расходомер,0,0,0,0,26
C5.1,100000,O,,,Термометр,0,0,,,31
C5.1,100000,O,,,Термометр,0,0,,,33
C5.1,100000,P,,,Термометр,0,0,,,23
C5.1,6,P,500101,P,Задвижка,40450,-39960,40560,-39960,49
C5.1,6,P,500101,O,Задвижка,40450,-39960,40560,-39760,50
C5.1,500101,P,,,Манометр,40560,-39960,,,17
C5.1,6,P,,,Термометр,40450,-39960,,,19
C5.1,500101,O,,,Термометр,40560,-39760,,,19
C5.2,0,P,1,P,Задвижка,40060,-39950,40110,-39950,7
C5.2,1,P,2,P,Диафрагма,40110,-39950,40170,-39950,5
C5.2,2,P,3,P,Участок теплопровода,40170,-39950,40230,-39950,13
C5.2,3,P,4,P,Диафрагма,40230,-39950,40280,-39950,1
C5.2,4,P,6,P,Теплообменник,40280,-39950,40280,-39860,11
C5.2,500101,O,3,O,Теплообменник,40350,-39730,40230,-39730,10
C5.2,3,O,2,O,Участок теплопровода,40230,-39730,40170,-39730,14
C5.2,2,O,1,O,Диафрагма,40170,-39730,40110,-39730,4
C5.2,1,O,0,O,Задвижка,40110,-39730,40060,-39730,8
C5.2,0,P,,,Термометр,40060,-39950,,,19
C5.2,0,P,,,Манометр,40060,-39950,,,17
C5.2,0,O,,,Термометр,40060,-39730,,,19
C5.2,0,O,,,Манометр,40060,-39730,,,17
C5.2,0,P,1,P,Расходомер,40060,-39950,40110,-39950,18
C5.2,2,P,,,Манометр,40170,-39950,,,17
C5.2,4,P,,,Манометр,40280,-39950,,,17
C5.2,500101,P,,,Манометр,40350,-39860,,,17
C5.2,500101,O,,,Манометр,40350,-39730,,,17
C5.2,500101,P,,,Термометр,40350,-39860,,,19
C5.2,500101,O,,,Термометр,40350,-39730,,,19
C5.2,2,O,,,Манометр,40170,-39730,,,17
C5.2,100000,P,100000,O,Расходомер,0,0,0,0,26
C5.2,100000,O,,,Термометр,0,0,,,31
C5.2,100000,O,,,Термометр,0,0,,,33
C5.2,100000,P,,,Термометр,0,0,,,23
C5.2,100000,P,100000,O,Расходомер,0,0,0,0,42
C5.2,6,P,500101,P,Задвижка,40280,-39860,40350,-39860,49
C5.2,6,P,500101,O,Задвижка,40280,-39860,40350,-39730,50
C5.3,0,P,1,P,Задвижка,40060,-39970,40130,-39970,7
C5.3,1,P,2,P,Диафрагма,40130,-39970,40200,-39970,5
C5.3,2,P,3,P,Участок теплопровода,40200,-39970,40290,-39970,13
C5.3,3,P,4,P,Диафрагма,40290,-39970,40390,-39970,1
C5.3,4,P,6,P,Теплообменник,40390,-39970,40390,-39890,11
C5.3,7,O,3,O,Теплообменник,40290,-39700,40290,-39640,10
C5.3,3,O,2,O,Участок теплопровода,40290,-39640,40230,-39640,14
C5.3,2,O,1,O,Диафрагма,40230,-39640,40160,-39640,4
C5.3,1,O,0,O,Задвижка,40160,-39640,40080,-39640,8
C5.3,0,P,,,Термометр,40060,-39970,,,19
C5.3,0,P,,,Манометр,40060,-39970,,,17
C5.3,0,O,,,Термометр,40080,-39640,,,19
C5.3,0,O,,,Манометр,40080,-39640,,,17
C5.3,0,P,1,P,Расходомер,40060,-39970,40130,-39970,18
C5.3,2,P,,,Манометр,40200,-39970,,,17
C5.3,4,P,,,Манометр,40390,-39970,,,17
C5.3,500101,P,,,Манометр,40480,-39790,,,17
C5.3,500101,O,,,Манометр,40390,-39700,,,17
C5.3,500101,P,,,Термометр,40480,-39790,,,19
C5.3,500101,O,,,Термометр,40390,-39700,,,19
C5.3,2,O,,,Манометр,40230,-39640,,,17
C5.3,100000,P,100000,O,Расходомер,0,0,0,0,26
C5.3,100000,O,,,Термометр,0,0,,,31
C5.3,100000,O,,,Термометр,0,0,,,33
C5.3,100000,P,,,Термометр,0,0,,,23
C5.3,6,P,500101,P,Задвижка,40390,-39890,40480,-39790,49
C5.3,6,P,500101,O,Задвижка,40390,-39890,40390,-39700,50
C5.3,500101,O,7,O,Участок теплопровода,40390,-39700,40290,-39700,47132
C5.3,3,P,8,P,Задвижка,40290,-39970,40290,-39890,48
C5.3,8,P,9,P,Диафрагма,40290,-39890,40290,-39820,2
C5.3,9,P,9,O,Калориферная установка,40290,-39820,40290,-39750,9
C5.3,9,O,7,O,Участок теплопровода,40290,-39750,40290,-39700,47133
C5.3,3,P,8,P,Расходомер,40290,-39970,40290,-39890,18
C5.3,9,P,,,Манометр,40290,-39820,,,17
C5.3,9,O,,,Термометр,40290,-39750,,,19
C5.3,100000,P,,,Термометр,40430,-39720,,,24
C5.3,500101,P,,,Манометр,,,,,17
C5.4,0,P,1,P,Задвижка,40070,-39930,40130,-39930,7
C5.4,1,P,2,P,Диафрагма,40130,-39930,40180,-39930,5
C5.4,2,P,3,P,Участок теплопровода,40180,-39930,40270,-39930,13
C5.4,3,P,4,P,Диафрагма,40270,-39930,40200,-39890,1
C5.4,4,P,6,P,Теплообменник,40200,-39890,40200,-39840,11
C5.4,7,O,3,O,Теплообменник,40300,-39710,40240,-39710,10
C5.4,3,O,2,O,Участок теплопровода,40240,-39710,40180,-39710,14
C5.4,2,O,1,O,Диафрагма,40180,-39710,40130,-39710,4
C5.4,1,O,0,O,Задвижка,40130,-39710,40070,-39710,8
C5.4,0,P,,,Термометр,40070,-39930,,,19
C5.4,0,P,,,Манометр,40070,-39930,,,17
C5.4,0,O,,,Термометр,40070,-39710,,,19
C5.4,0,O,,,Манометр,40070,-39710,,,17
C5.4,0,P,1,P,Расходомер,40070,-39930,40130,-39930,18
C5.4,2,P,,,Манометр,40180,-39930,,,17
C5.4,4,P,,,Манометр,40200,-39890,,,17
C5.4,500101,P,,,Манометр,40200,-39760,,,17
C5.4,500101,O,,,Манометр,40300,-39760,,,17
C5.4,500101,P,,,Термометр,40200,-39760,,,19
C5.4,500101,O,,,Термометр,40300,-39760,,,19
C5.4,2,O,,,Манометр,40180,-39710,,,17
C5.4,100000,P,100000,O,Расходомер,0,0,0,0,26
C5.4,100000,O,,,Термометр,0,0,,,31
C5.4,100000,O,,,Термометр,0,0,,,33
C5.4,100000,P,,,Термометр,0,0,,,23
C5.4,6,P,500101,P,Задвижка,40200,-39840,40200,-39760,49
C5.4,6,P,500101,O,Задвижка,40200,-39840,40300,-39760,50
C5.4,500101,O,7,O,Участок теплопровода,40300,-39760,40300,-39710,47134
C5.4,3,P,8,P,Задвижка,40270,-39930,40340,-39930,48
C5.4,8,P,9,P,Диафрагма,40340,-39930,40340,-39850,2
C5.4,9,P,9,O,Калориферная установка,40340,-39850,40340,-39760,9
C5.4,9,O,7,O,Участок теплопровода,40340,-39760,40300,-39710,47135
C5.4,3,P,8,P,Расходомер,40270,-39930,40340,-39930,18
C5.4,9,P,,,Манометр,40340,-39850,,,17
C5.4,9,O,,,Термометр,40340,-39760,,,19
C5.4,100000,P,100000,O,Расходомер,0,0,0,0,42
C5.4,100000,P,,,Термометр,0,0,,,24
C5.4,500101,P,,,Манометр,40200,-39760,,,17
С15.1,500101,,,,Узел присоединения,0,0,0,0,85
С15.2,500101,,,,Узел присоединения,0,0,0,0,85
С15.3,500101,,,,Узел присоединения,0,0,0,0,85
С15.4,500101,,,,Узел присоединения,0,0,0,0,85
С5.1,500101,,,,Узел присоединения,0,0,0,0,85
С5.2,500101,,,,Узел присоединения,0,0,0,0,85
С5.3,500101,,,,Узел присоединения,0,0,0,0,85
С5.4,500101,,,,Узел присоединения,0,0,0,0,85

